legislative_district,census_name,children_under_3,children_age_3_4,children_under_5,under_5_ld_share
1,Legislative (Senate) District 1 (2024); Washington,6082,4027,10109,0.02338038397579856
2,Legislative (Senate) District 2 (2024); Washington,5403,4233,9636,0.02228641606398209
3,Legislative (Senate) District 3 (2024); Washington,4640,2875,7515,0.017380906675054524
4,Legislative (Senate) District 4 (2024); Washington,5523,3986,9509,0.02199268683607365
5,Legislative (Senate) District 5 (2024); Washington,5119,3848,8967,0.020739133753188813
6,Legislative (Senate) District 6 (2024); Washington,5567,4079,9646,0.022309544349644172
7,Legislative (Senate) District 7 (2024); Washington,5139,3359,8498,0.019654417155637174
8,Legislative (Senate) District 8 (2024); Washington,5450,4752,10202,0.023595477032455923
9,Legislative (Senate) District 9 (2024); Washington,5246,3209,8455,0.01955496552729022
10,Legislative (Senate) District 10 (2024); Washington,3974,3555,7529,0.01741328627498144
11,Legislative (Senate) District 11 (2024); Washington,5518,3889,9407,0.021756778322320414
12,Legislative (Senate) District 12 (2024); Washington,5426,4283,9709,0.022455252549315286
13,Legislative (Senate) District 13 (2024); Washington,5969,4223,10192,0.023572348746793842
14,Legislative (Senate) District 14 (2024); Washington,6747,5270,12017,0.027793260880123783
15,Legislative (Senate) District 15 (2024); Washington,5647,4342,9989,0.02310284454785358
16,Legislative (Senate) District 16 (2024); Washington,6374,4390,10764,0.024895286686664925
17,Legislative (Senate) District 17 (2024); Washington,4221,3685,7906,0.018285222644441927
18,Legislative (Senate) District 18 (2024); Washington,4987,3357,8344,0.019298241556441113
19,Legislative (Senate) District 19 (2024); Washington,4579,3576,8155,0.018861116957427766
20,Legislative (Senate) District 20 (2024); Washington,6223,4485,10708,0.024765768286957267
21,Legislative (Senate) District 21 (2024); Washington,5130,3667,8797,0.02034595289693342
22,Legislative (Senate) District 22 (2024); Washington,4643,3553,8196,0.018955942928642302
23,Legislative (Senate) District 23 (2024); Washington,4986,3517,8503,0.019665981298468214
24,Legislative (Senate) District 24 (2024); Washington,3491,2740,6231,0.014411234796043212
25,Legislative (Senate) District 25 (2024); Washington,5187,4547,9734,0.022513073263470493
26,Legislative (Senate) District 26 (2024); Washington,4563,3177,7740,0.017901293102451366
27,Legislative (Senate) District 27 (2024); Washington,4946,3043,7989,0.018477187415437205
28,Legislative (Senate) District 28 (2024); Washington,6326,4162,10488,0.024256946002391463
29,Legislative (Senate) District 29 (2024); Washington,5908,4060,9968,0.023054275147963207
30,Legislative (Senate) District 30 (2024); Washington,5370,4807,10177,0.02353765631830072
31,Legislative (Senate) District 31 (2024); Washington,5791,4560,10351,0.023940088488820944
32,Legislative (Senate) District 32 (2024); Washington,4764,3859,8623,0.019943520726413196
33,Legislative (Senate) District 33 (2024); Washington,5862,4112,9974,0.023068152119360457
34,Legislative (Senate) District 34 (2024); Washington,4975,3784,8759,0.02025806541141751
35,Legislative (Senate) District 35 (2024); Washington,4395,3792,8187,0.018935127471546426
36,Legislative (Senate) District 36 (2024); Washington,4156,2815,6971,0.01612272793503727
37,Legislative (Senate) District 37 (2024); Washington,5054,3134,8188,0.018937440300112636
38,Legislative (Senate) District 38 (2024); Washington,5261,3519,8780,0.020306634811307882
39,Legislative (Senate) District 39 (2024); Washington,6136,4067,10203,0.023597789861022133
40,Legislative (Senate) District 40 (2024); Washington,3347,2843,6190,0.014316408824828677
41,Legislative (Senate) District 41 (2024); Washington,3851,3277,7128,0.016485842019931956
42,Legislative (Senate) District 42 (2024); Washington,4765,3677,8442,0.019524898755929516
43,Legislative (Senate) District 43 (2024); Washington,1651,1252,2903,0.006714141327702367
44,Legislative (Senate) District 44 (2024); Washington,5830,4129,9959,0.023033459690867335
45,Legislative (Senate) District 45 (2024); Washington,5278,3846,9124,0.021102247838083496
46,Legislative (Senate) District 46 (2024); Washington,5141,2605,7746,0.017915170073848616
47,Legislative (Senate) District 47 (2024); Washington,5762,3565,9327,0.02157175203702376
48,Legislative (Senate) District 48 (2024); Washington,4163,3618,7781,0.0179961190736659
49,Legislative (Senate) District 49 (2024); Washington,5108,3547,8655,0.020017531240531856
