legislative_district,census_name,public_k12_enrollment_estimate,B14002_008E,B14002_011E,B14002_014E,B14002_017E,B14002_032E,B14002_035E,B14002_038E,B14002_041E,public_k12_share
1,Legislative (Senate) District 1 (2024); Washington,21468,693,3497,3865,2704,610,3246,3747,3106,0.020087581405793847
2,Legislative (Senate) District 2 (2024); Washington,24483,534,3343,4410,3756,884,3827,4318,3411,0.02290871322703795
3,Legislative (Senate) District 3 (2024); Washington,19269,600,3292,3191,3179,496,2689,2819,3003,0.018029979788906355
4,Legislative (Senate) District 4 (2024); Washington,21026,580,3543,3086,3415,558,3411,3172,3261,0.019674002545100683
5,Legislative (Senate) District 5 (2024); Washington,25171,962,3498,4296,4674,728,3129,4011,3873,0.02355247398757392
6,Legislative (Senate) District 6 (2024); Washington,24452,720,4062,3966,3583,877,3131,3962,4151,0.02287970656486264
7,Legislative (Senate) District 7 (2024); Washington,23558,811,3689,4116,3742,804,3119,3544,3733,0.02204319185567782
8,Legislative (Senate) District 8 (2024); Washington,28227,1432,3654,4388,4892,766,4354,3978,4763,0.026411969458791824
9,Legislative (Senate) District 9 (2024); Washington,19826,752,2838,3357,3531,710,2795,3161,2682,0.018551164009282133
10,Legislative (Senate) District 10 (2024); Washington,20190,815,2927,3204,3483,437,3439,2813,3072,0.01889175836514709
11,Legislative (Senate) District 11 (2024); Washington,19151,632,2301,2931,3139,716,2992,2992,3448,0.017919567332884197
12,Legislative (Senate) District 12 (2024); Washington,24404,902,3407,3820,4982,636,3175,3619,3863,0.022834793023429896
13,Legislative (Senate) District 13 (2024); Washington,29004,901,4213,4593,5153,953,4370,4479,4342,0.027139007410734335
14,Legislative (Senate) District 14 (2024); Washington,37604,1920,5481,6425,6272,934,5042,5753,5777,0.03518601691743394
15,Legislative (Senate) District 15 (2024); Washington,27324,782,3583,4261,4903,880,3685,4805,4425,0.02556703346058837
16,Legislative (Senate) District 16 (2024); Washington,26625,685,3838,4499,4479,677,3966,4277,4204,0.024912980013474063
17,Legislative (Senate) District 17 (2024); Washington,23904,1100,3539,4059,4305,831,3020,3322,3728,0.022366943633505502
18,Legislative (Senate) District 18 (2024); Washington,25055,781,4769,3150,4329,762,3231,3843,4190,0.023443932929111462
19,Legislative (Senate) District 19 (2024); Washington,20943,722,3362,3213,3560,672,2725,3598,3091,0.019596339546373232
20,Legislative (Senate) District 20 (2024); Washington,24735,1155,3599,3782,4463,891,3376,4022,3447,0.023144509319559848
21,Legislative (Senate) District 21 (2024); Washington,20329,1058,3263,3144,3112,384,3305,2999,3064,0.019021820495546075
22,Legislative (Senate) District 22 (2024); Washington,19452,732,2791,3183,3776,504,3042,2575,2849,0.018201212665618683
23,Legislative (Senate) District 23 (2024); Washington,18999,609,3027,2978,3197,607,2770,2878,2933,0.01777734111834718
24,Legislative (Senate) District 24 (2024); Washington,16839,606,2552,2424,2842,724,2199,2725,2767,0.015756231753873792
25,Legislative (Senate) District 25 (2024); Washington,25736,890,3760,4573,4494,713,3691,3448,4167,0.024081143798188487
26,Legislative (Senate) District 26 (2024); Washington,20097,919,3522,3052,3368,655,3162,2967,2452,0.018804738378621153
27,Legislative (Senate) District 27 (2024); Washington,18565,729,2816,2823,3089,747,2999,2883,2479,0.017371247847892807
28,Legislative (Senate) District 28 (2024); Washington,20714,623,3280,3189,3434,740,3299,2824,3325,0.01938206452578786
29,Legislative (Senate) District 29 (2024); Washington,23274,672,3724,3354,3675,771,3255,3715,4108,0.021777453402200764
30,Legislative (Senate) District 30 (2024); Washington,24467,847,3873,3675,4204,983,3079,3553,4253,0.022893742046560372
31,Legislative (Senate) District 31 (2024); Washington,26773,1061,4050,4825,4418,692,3862,3942,3923,0.025051463432891684
32,Legislative (Senate) District 32 (2024); Washington,18676,709,3357,2802,2446,506,2794,2959,3103,0.017475110412456023
33,Legislative (Senate) District 33 (2024); Washington,21493,1152,3931,3577,3219,704,3320,2600,2990,0.020110973875290067
34,Legislative (Senate) District 34 (2024); Washington,17500,732,2760,2496,3449,677,2533,2577,2276,0.016374728647353842
35,Legislative (Senate) District 35 (2024); Washington,23612,615,3568,3903,4061,848,3217,3974,3426,0.022093719589789656
36,Legislative (Senate) District 36 (2024); Washington,11186,403,1741,1651,1495,433,2092,1770,1601,0.010466726551388576
37,Legislative (Senate) District 37 (2024); Washington,17042,858,3376,2535,2571,765,2421,2200,2316,0.0159461786061831
38,Legislative (Senate) District 38 (2024); Washington,20303,737,3149,3204,3953,771,2940,2502,3047,0.018997492327270004
39,Legislative (Senate) District 39 (2024); Washington,24027,962,3286,3355,3587,1073,3458,3523,4783,0.022482034583426902
40,Legislative (Senate) District 40 (2024); Washington,18055,638,2848,2992,3192,351,2407,2248,3379,0.016894041470169922
41,Legislative (Senate) District 41 (2024); Washington,25811,587,3614,3738,4929,573,3282,3920,5168,0.024151321206677148
42,Legislative (Senate) District 42 (2024); Washington,20578,708,3108,3120,3321,1237,2891,3117,3076,0.019254809491728423
43,Legislative (Senate) District 43 (2024); Washington,4571,445,597,361,770,261,817,634,686,0.004277079122688824
44,Legislative (Senate) District 44 (2024); Washington,24087,1069,3603,3798,4406,532,3165,3903,3611,0.02253817651021783
45,Legislative (Senate) District 45 (2024); Washington,23590,856,3377,3796,3808,812,3243,3859,3839,0.02207313421663298
46,Legislative (Senate) District 46 (2024); Washington,11819,455,1462,1836,2055,358,1828,1983,1842,0.011059023879032862
47,Legislative (Senate) District 47 (2024); Washington,25182,885,4262,3975,4043,629,3799,3587,4002,0.023562766674152257
48,Legislative (Senate) District 48 (2024); Washington,17594,814,2960,2958,2543,646,2583,2609,2481,0.01646268433265963
49,Legislative (Senate) District 49 (2024); Washington,21930,968,2663,3388,3358,720,3270,3416,4147,0.02051987424208399
