legislative_district,census_name,B17010_001E,B17010_002E,B17010_003E,B17010_004E,B17010_005E,B17010_006E,B17010_007E,B17010_008E,B17010_009E,B17010_010E,B17010_011E,B17010_012E,B17010_013E,B17010_014E,B17010_015E,B17010_016E,B17010_017E,B17010_018E,B17010_019E,B17010_020E,B17010_021E,B17010_022E,B17010_023E,B17010_024E,B17010_025E,B17010_026E,B17010_027E,B17010_028E,B17010_029E,B17010_030E,B17010_031E,B17010_032E,B17010_033E,B17010_034E,B17010_035E,B17010_036E,B17010_037E,B17010_038E,B17010_039E,B17010_040E,B17010_041E
1,Legislative (Senate) District 1 (2024); Washington,42596,980,656,278,66,86,126,378,324,10,0,0,0,0,10,314,289,84,25,180,25,41616,36124,17486,4129,2697,10660,18638,5492,1900,817,133,87,597,1083,3592,1705,188,208,1309,1887
2,Legislative (Senate) District 2 (2024); Washington,41778,2205,957,455,48,114,293,502,1248,261,181,17,42,122,80,987,884,107,371,406,103,39573,31930,14205,2462,2890,8853,17725,7643,3055,1689,227,218,1244,1366,4588,2422,308,332,1782,2166
3,Legislative (Senate) District 3 (2024); Washington,35304,2757,896,371,61,175,135,525,1861,355,199,49,24,126,156,1506,1117,180,343,594,389,32547,24142,9661,2066,1776,5819,14481,8405,2480,1544,303,197,1044,936,5925,3004,282,221,2501,2921
4,Legislative (Senate) District 4 (2024); Washington,41666,3085,920,496,40,142,314,424,2165,523,477,42,171,264,46,1642,1310,352,191,767,332,38581,30882,11412,2236,2650,6526,19470,7699,2753,1407,363,209,835,1346,4946,2971,339,256,2376,1975
5,Legislative (Senate) District 5 (2024); Washington,43016,1708,788,322,41,81,200,466,920,128,128,0,0,128,0,792,691,34,20,637,101,41308,36182,17195,3266,2441,11488,18987,5126,1683,1035,142,76,817,648,3443,1804,220,136,1448,1639
6,Legislative (Senate) District 6 (2024); Washington,40409,2786,1124,474,36,269,169,650,1662,296,232,24,63,145,64,1366,1214,87,648,479,152,37623,29042,12240,2345,2304,7591,16802,8581,3397,2203,625,271,1307,1194,5184,2961,218,532,2211,2223
7,Legislative (Senate) District 7 (2024); Washington,43609,3878,1638,787,50,341,396,851,2240,300,277,16,33,228,23,1940,1639,244,453,942,301,39731,31914,11043,1536,2155,7352,20871,7817,3274,1883,315,99,1469,1391,4543,2569,374,235,1960,1974
8,Legislative (Senate) District 8 (2024); Washington,40597,3047,1199,577,73,156,348,622,1848,322,225,6,0,219,97,1526,1366,310,379,677,160,37550,29243,12649,1812,2443,8394,16594,8307,2952,2114,392,393,1329,838,5355,2693,266,482,1945,2662
9,Legislative (Senate) District 9 (2024); Washington,38300,3063,1282,508,191,92,225,774,1781,367,264,31,122,111,103,1414,1292,441,189,662,122,35237,29572,11033,2049,2197,6787,18539,5665,1908,1020,303,154,563,888,3757,1905,329,130,1446,1852
10,Legislative (Senate) District 10 (2024); Washington,43496,2204,1024,355,86,141,128,669,1180,316,286,70,88,128,30,864,665,148,337,180,199,41292,34305,11423,2506,2213,6704,22882,6987,2025,1086,128,208,750,939,4962,2849,494,328,2027,2113
11,Legislative (Senate) District 11 (2024); Washington,35962,2242,794,387,100,97,190,407,1448,345,239,12,76,151,106,1103,913,135,53,725,190,33720,25516,11412,3020,1857,6535,14104,8204,3551,1614,285,63,1266,1937,4653,2728,470,681,1577,1925
12,Legislative (Senate) District 12 (2024); Washington,42089,1673,860,262,59,112,91,598,813,117,116,0,65,51,1,696,638,168,109,361,58,40416,33494,14785,2718,3206,8861,18709,6922,2394,1242,156,113,973,1152,4528,2377,249,162,1966,2151
13,Legislative (Senate) District 13 (2024); Washington,40467,4440,2087,993,143,495,355,1094,2353,497,469,55,150,264,28,1856,1527,282,498,747,329,36027,27971,11630,1787,2494,7349,16341,8056,3064,1587,283,306,998,1477,4992,3258,341,781,2136,1734
14,Legislative (Senate) District 14 (2024); Washington,34457,5644,2100,1420,170,452,798,680,3544,603,467,110,135,222,136,2941,2687,285,769,1633,254,28813,17424,8743,771,2776,5196,8681,11389,4612,2933,756,719,1458,1679,6777,4257,305,914,3038,2520
15,Legislative (Senate) District 15 (2024); Washington,41105,3368,1368,739,63,223,453,629,2000,170,109,54,39,16,61,1830,1662,244,649,769,168,37737,28915,12094,1620,3430,7044,16821,8822,3328,1875,524,92,1259,1453,5494,3116,363,424,2329,2378
16,Legislative (Senate) District 16 (2024); Washington,38680,3215,1314,467,45,221,201,847,1901,307,263,40,27,196,44,1594,1330,80,414,836,264,35465,27840,11992,2589,2516,6887,15848,7625,2450,1711,391,438,882,739,5175,3188,364,273,2551,1987
17,Legislative (Senate) District 17 (2024); Washington,41621,2203,966,436,8,276,152,530,1237,401,330,47,0,283,71,836,748,100,120,528,88,39418,32455,13341,2223,2498,8620,19114,6963,2382,1273,191,170,912,1109,4581,2532,332,128,2072,2049
18,Legislative (Senate) District 18 (2024); Washington,41888,2005,952,319,72,47,200,633,1053,167,145,24,0,121,22,886,775,156,104,515,111,39883,31169,13231,2465,2350,8416,17938,8714,3040,1531,193,115,1223,1509,5674,2954,240,284,2430,2720
19,Legislative (Senate) District 19 (2024); Washington,41152,3364,1295,541,74,204,263,754,2069,386,233,34,14,185,153,1683,1389,353,234,802,294,37788,29702,10071,1715,1950,6406,19631,8086,2526,1610,223,262,1125,916,5560,2829,445,550,1834,2731
20,Legislative (Senate) District 20 (2024); Washington,42937,2824,1494,696,265,287,144,798,1330,230,169,3,45,121,61,1100,875,98,160,617,225,40113,33132,12831,2346,3134,7351,20301,6981,2764,1524,241,161,1122,1240,4217,2242,213,462,1567,1975
21,Legislative (Senate) District 21 (2024); Washington,39291,2491,1091,750,116,171,463,341,1400,241,224,0,53,171,17,1159,1047,101,356,590,112,36800,29421,12990,2717,2411,7862,16431,7379,2673,1120,275,85,760,1553,4706,1979,375,169,1435,2727
22,Legislative (Senate) District 22 (2024); Washington,39654,2908,988,518,30,92,396,470,1920,221,201,35,0,166,20,1699,1185,204,159,822,514,36746,28886,10429,2480,1695,6254,18457,7860,2457,1480,253,125,1102,977,5403,2886,506,342,2038,2517
23,Legislative (Senate) District 23 (2024); Washington,42562,2116,755,292,75,100,117,463,1361,295,199,18,92,89,96,1066,930,184,256,490,136,40446,33580,12613,3491,2082,7040,20967,6866,2509,1485,173,85,1227,1024,4357,2095,248,153,1694,2262
24,Legislative (Senate) District 24 (2024); Washington,42942,3068,1259,396,58,173,165,863,1809,277,186,8,71,107,91,1532,1192,119,264,809,340,39874,31934,7673,1395,1622,4656,24261,7940,2991,1411,340,82,989,1580,4949,2621,313,626,1682,2328
25,Legislative (Senate) District 25 (2024); Washington,40513,2025,890,361,61,48,252,529,1135,178,149,127,0,22,29,957,851,168,145,538,106,38488,29285,13632,2429,2792,8411,15653,9203,3448,2022,330,270,1422,1426,5755,3605,475,451,2679,2150
26,Legislative (Senate) District 26 (2024); Washington,42854,2331,910,415,57,35,323,495,1421,423,370,22,98,250,53,998,827,73,423,331,171,40523,33704,11965,2676,1880,7409,21739,6819,2411,1363,181,129,1053,1048,4408,2333,263,272,1798,2075
27,Legislative (Senate) District 27 (2024); Washington,38115,2665,883,403,68,152,183,480,1782,529,347,208,52,87,182,1253,1019,87,162,770,234,35450,26033,9417,2289,1894,5234,16616,9417,3401,1683,320,239,1124,1718,6016,3684,396,380,2908,2332
28,Legislative (Senate) District 28 (2024); Washington,37936,2735,930,622,129,330,163,308,1805,166,134,0,11,123,32,1639,1401,648,121,632,238,35201,27236,12400,2934,2393,7073,14836,7965,2409,1344,201,218,925,1065,5556,3027,710,324,1993,2529
29,Legislative (Senate) District 29 (2024); Washington,38245,3635,1012,752,145,427,180,260,2623,437,408,77,223,108,29,2186,1947,282,723,942,239,34610,23336,9941,2248,1871,5822,13395,11274,4519,2272,376,432,1464,2247,6755,4247,818,619,2810,2508
30,Legislative (Senate) District 30 (2024); Washington,36998,3407,1572,1206,159,590,457,366,1835,364,340,202,23,115,24,1471,1188,57,386,745,283,33591,24623,10557,1556,2579,6422,14066,8968,3169,1556,183,237,1136,1613,5799,3083,744,587,1752,2716
31,Legislative (Senate) District 31 (2024); Washington,42874,1493,474,82,41,3,38,392,1019,365,284,199,23,62,81,654,548,86,119,343,106,41381,33527,16169,2746,3553,9870,17358,7854,2776,1489,219,290,980,1287,5078,2984,304,319,2361,2094
32,Legislative (Senate) District 32 (2024); Washington,40117,2641,1283,583,89,227,267,700,1358,199,139,0,53,86,60,1159,823,108,82,633,336,37476,29258,12090,3151,1929,7010,17168,8218,3229,1785,198,74,1513,1444,4989,2179,313,122,1744,2810
33,Legislative (Senate) District 33 (2024); Washington,36037,3221,1397,1018,109,656,253,379,1824,340,214,14,141,59,126,1484,1328,295,375,658,156,32816,23599,10581,2046,2335,6200,13018,9217,4086,1673,348,202,1123,2413,5131,2691,392,360,1939,2440
34,Legislative (Senate) District 34 (2024); Washington,37133,1868,774,394,0,151,243,380,1094,214,193,7,28,158,21,880,634,13,341,280,246,35265,27128,10745,3352,1596,5797,16383,8137,3190,1654,369,227,1058,1536,4947,2991,238,254,2499,1956
35,Legislative (Senate) District 35 (2024); Washington,44184,2274,1102,334,124,137,73,768,1172,338,260,16,0,244,78,834,632,150,231,251,202,41910,34351,12036,2320,2149,7567,22315,7559,2840,1442,225,343,874,1398,4719,2584,385,398,1801,2135
36,Legislative (Senate) District 36 (2024); Washington,33904,956,392,163,22,9,132,229,564,88,37,0,0,37,51,476,265,106,40,119,211,32948,29742,11768,3138,1614,7016,17974,3206,1043,633,93,78,462,410,2163,1086,193,14,879,1077
37,Legislative (Senate) District 37 (2024); Washington,36158,3698,2021,758,44,281,433,1263,1677,348,149,16,40,93,199,1329,1150,69,374,707,179,32460,24761,10823,3009,1323,6491,13938,7699,2590,1124,204,31,889,1466,5109,2696,599,314,1783,2413
38,Legislative (Senate) District 38 (2024); Washington,36496,2977,1491,626,99,218,309,865,1486,181,163,27,13,123,18,1305,1033,145,253,635,272,33519,25151,10628,2461,1850,6317,14523,8368,3083,1489,344,218,927,1594,5285,2541,400,243,1898,2744
39,Legislative (Senate) District 39 (2024); Washington,42196,2126,817,301,39,111,151,516,1309,267,175,36,37,102,92,1042,918,238,298,382,124,40070,32609,14461,3134,2782,8545,18148,7461,2913,1723,313,274,1136,1190,4548,2467,281,262,1924,2081
40,Legislative (Senate) District 40 (2024); Washington,39270,2645,1016,415,90,109,216,601,1629,344,152,31,4,117,192,1285,1037,258,238,541,248,36625,30424,10505,1844,1212,7449,19919,6201,2120,1328,300,290,738,792,4081,2184,285,206,1693,1897
41,Legislative (Senate) District 41 (2024); Washington,43090,1441,932,490,61,208,221,442,509,67,12,0,5,7,55,442,374,11,121,242,68,41649,37248,18139,2800,2429,12910,19109,4401,1040,380,40,8,332,660,3361,1656,63,112,1481,1705
42,Legislative (Senate) District 42 (2024); Washington,40065,3194,1186,659,314,161,184,527,2008,532,494,29,251,214,38,1476,1123,102,345,676,353,36871,30758,12476,2084,2520,7872,18282,6113,2356,1383,266,122,995,973,3757,2131,219,228,1684,1626
43,Legislative (Senate) District 43 (2024); Washington,23793,908,547,149,20,41,88,398,361,52,20,0,0,20,32,309,219,52,12,155,90,22885,20017,4389,1114,525,2750,15628,2868,809,296,18,14,264,513,2059,1149,127,73,949,910
44,Legislative (Senate) District 44 (2024); Washington,43297,1753,853,306,17,134,155,547,900,333,83,0,0,83,250,567,469,162,16,291,98,41544,35465,18263,4015,2947,11301,17202,6079,2644,1382,115,224,1043,1262,3435,2107,226,180,1701,1328
45,Legislative (Senate) District 45 (2024); Washington,43146,1588,789,431,18,192,221,358,799,351,222,66,34,122,129,448,271,101,11,159,177,41558,37400,18435,3316,2810,12309,18965,4158,1523,681,45,68,568,842,2635,1317,146,129,1042,1318
46,Legislative (Senate) District 46 (2024); Washington,33367,1604,416,115,20,39,56,301,1188,276,70,17,0,53,206,912,654,230,63,361,258,31763,26738,11565,3120,1554,6891,15173,5025,1834,834,237,0,597,1000,3191,1296,286,29,981,1895
47,Legislative (Senate) District 47 (2024); Washington,38915,1789,924,691,56,299,336,233,865,142,94,0,0,94,48,723,625,50,200,375,98,37126,28364,13185,2372,2485,8328,15179,8762,3179,1614,338,192,1084,1565,5583,3286,436,357,2493,2297
48,Legislative (Senate) District 48 (2024); Washington,40199,1683,1062,557,82,102,373,505,621,112,64,0,0,64,48,509,451,78,29,344,58,38516,33522,14858,3222,2614,9022,18664,4994,1662,663,83,10,570,999,3332,1906,255,47,1604,1426
49,Legislative (Senate) District 49 (2024); Washington,37932,2875,758,371,112,75,184,387,2117,279,236,47,65,124,43,1838,1671,158,634,879,167,35057,24711,9543,1826,1949,5768,15168,10346,3217,1678,242,340,1096,1539,7129,4167,603,282,3282,2962
