legislative_district,census_name,medicaid_means_tested_public_coverage_estimate,medicaid_ld_share,C27007_004E,C27007_007E,C27007_010E,C27007_014E,C27007_017E,C27007_020E
1,Legislative (Senate) District 1 (2024); Washington,15140,0.009619704000310068,2496,3600,1214,2551,3982,1297
2,Legislative (Senate) District 2 (2024); Washington,32107,0.020400253390882122,7878,6335,1040,7104,8234,1516
3,Legislative (Senate) District 3 (2024); Washington,41736,0.02651835971974511,7454,10912,1960,6992,12075,2343
4,Legislative (Senate) District 4 (2024); Washington,39644,0.02518913774030993,7959,9193,1558,8066,10734,2134
5,Legislative (Senate) District 5 (2024); Washington,15277,0.009706751519995832,3229,2771,757,2942,4166,1412
6,Legislative (Senate) District 6 (2024); Washington,43991,0.02795114918610569,9906,9237,1279,9692,12027,1850
7,Legislative (Senate) District 7 (2024); Washington,46516,0.02955549215841632,11152,9436,1953,9878,11571,2526
8,Legislative (Senate) District 8 (2024); Washington,37562,0.02386626959442845,9287,6533,1364,9662,9139,1577
9,Legislative (Senate) District 9 (2024); Washington,33500,0.021285342404913293,6949,6831,1485,6500,9955,1780
10,Legislative (Senate) District 10 (2024); Washington,28175,0.017901926037565134,5801,5982,1545,5589,6986,2272
11,Legislative (Senate) District 11 (2024); Washington,32017,0.020343068888898773,6311,7156,1501,6761,7857,2431
12,Legislative (Senate) District 12 (2024); Washington,27999,0.017790098567019918,6839,5646,1373,6374,6376,1391
13,Legislative (Senate) District 13 (2024); Washington,46841,0.029761991748911747,12703,8264,1349,11733,10771,2021
14,Legislative (Senate) District 14 (2024); Washington,71773,0.0456033695650102,21741,10793,1844,19839,15143,2413
15,Legislative (Senate) District 15 (2024); Washington,44970,0.028573189491013454,11150,7949,1491,12206,10301,1873
16,Legislative (Senate) District 16 (2024); Washington,39115,0.024853019945318907,10183,7313,1171,9174,9532,1742
17,Legislative (Senate) District 17 (2024); Washington,28809,0.01830475908487006,6573,6076,1125,5560,8047,1428
18,Legislative (Senate) District 18 (2024); Washington,30825,0.019585691929297083,7409,6059,1011,6644,8011,1691
19,Legislative (Senate) District 19 (2024); Washington,45588,0.028965856404632454,8633,10387,2171,8863,12821,2713
20,Legislative (Senate) District 20 (2024); Washington,34664,0.022024928630564607,7843,7333,1292,7181,9239,1776
21,Legislative (Senate) District 21 (2024); Washington,25919,0.016468501187849184,5601,4993,1362,5400,6718,1845
22,Legislative (Senate) District 22 (2024); Washington,28219,0.01792988290520144,4898,6758,1437,4706,7920,2500
23,Legislative (Senate) District 23 (2024); Washington,23509,0.014937227301406166,4330,5356,1045,4220,6775,1783
24,Legislative (Senate) District 24 (2024); Washington,39617,0.025171982389714923,7896,9185,2196,7260,10559,2521
25,Legislative (Senate) District 25 (2024); Washington,29669,0.01885118877048873,7922,5724,881,6389,7099,1654
26,Legislative (Senate) District 26 (2024); Washington,24712,0.015701593477916935,4601,5414,786,4798,7298,1815
27,Legislative (Senate) District 27 (2024); Washington,35003,0.022240323588035224,6232,8246,1599,6315,10194,2417
28,Legislative (Senate) District 28 (2024); Washington,28342,0.018008035057912018,5934,5545,1365,6363,7192,1943
29,Legislative (Senate) District 29 (2024); Washington,50168,0.031875912172229556,11048,10515,1347,12091,12740,2427
30,Legislative (Senate) District 30 (2024); Washington,44303,0.028149388792981303,12051,8178,1398,10037,10693,1946
31,Legislative (Senate) District 31 (2024); Washington,24001,0.015249835912248476,5715,4360,757,5617,6352,1200
32,Legislative (Senate) District 32 (2024); Washington,29733,0.018891853305232447,5192,6427,1756,5433,7951,2974
33,Legislative (Senate) District 33 (2024); Washington,43409,0.027581356073280033,10715,9010,1514,9862,10429,1879
34,Legislative (Senate) District 34 (2024); Washington,29780,0.01892171632293486,5989,6694,1223,5966,7999,1909
35,Legislative (Senate) District 35 (2024); Washington,32711,0.02078402493752593,7079,7135,1723,6020,8853,1901
36,Legislative (Senate) District 36 (2024); Washington,11127,0.0070699105952080656,1116,3365,631,1000,3951,1064
37,Legislative (Senate) District 37 (2024); Washington,35448,0.022523069181175116,6078,8817,2617,5184,9163,3589
38,Legislative (Senate) District 38 (2024); Washington,37794,0.02401367853287442,8790,7358,1585,7923,9969,2169
39,Legislative (Senate) District 39 (2024); Washington,28991,0.018420398855547502,6299,6029,1245,6522,7200,1696
40,Legislative (Senate) District 40 (2024); Washington,29280,0.018604024645249587,5813,6947,1331,5713,7713,1763
41,Legislative (Senate) District 41 (2024); Washington,11739,0.00745876520869484,1980,2601,726,2099,2846,1487
42,Legislative (Senate) District 42 (2024); Washington,37223,0.023650874636957836,7790,7299,1641,8127,10313,2053
43,Legislative (Senate) District 43 (2024); Washington,14900,0.009467211995021136,794,5385,936,1078,5841,866
44,Legislative (Senate) District 44 (2024); Washington,16276,0.010341499492011007,3417,4207,637,2843,3931,1241
45,Legislative (Senate) District 45 (2024); Washington,13567,0.008620245982312199,2852,3001,514,2368,3771,1061
46,Legislative (Senate) District 46 (2024); Washington,18201,0.011564612451099309,1743,5549,1085,1770,6622,1432
47,Legislative (Senate) District 47 (2024); Washington,38080,0.024195398172510395,10093,7101,1201,8525,9170,1990
48,Legislative (Senate) District 48 (2024); Washington,13521,0.008591018347965154,2401,3127,588,2071,3659,1675
49,Legislative (Senate) District 49 (2024); Washington,42362,0.02691610970020707,9620,8505,1107,8681,11935,2514
