legislative_district,census_name,public_higher_ed_enrollment_estimate,private_higher_ed_enrollment_estimate,total_higher_ed_enrollment_estimate,public_higher_ed_ld_share,total_higher_ed_ld_share,B14004_004E,B14004_005E,B14004_006E,B14004_007E,B14004_020E,B14004_021E,B14004_022E,B14004_023E,B14004_009E,B14004_010E,B14004_011E,B14004_012E,B14004_025E,B14004_026E,B14004_027E,B14004_028E
1,Legislative (Senate) District 1 (2024); Washington,6369,1783,8152,0.018396349036711824,0.01844147794239074,17,1632,752,584,10,1834,480,1060,0,253,186,180,0,367,462,335
2,Legislative (Senate) District 2 (2024); Washington,6734,2000,8734,0.01945062245457959,0.019758080023164957,17,1287,753,828,54,1446,1016,1333,45,318,233,403,1,214,313,473
3,Legislative (Senate) District 3 (2024); Washington,7101,5296,12397,0.02051067271309321,0.02804452920164598,15,1448,1330,694,0,1369,1319,926,0,1985,401,134,30,2026,481,239
4,Legislative (Senate) District 4 (2024); Washington,5390,1288,6678,0.015568585540567864,0.015106990885584565,51,965,868,519,20,1318,864,785,0,213,119,143,32,219,195,367
5,Legislative (Senate) District 5 (2024); Washington,4244,1820,6064,0.012258455850495365,0.013717998312396645,60,1069,548,540,8,855,450,714,0,314,239,274,22,379,349,243
6,Legislative (Senate) District 6 (2024); Washington,6397,2892,9289,0.018477224805753735,0.021013602625965112,31,1164,1119,847,26,1460,1016,734,0,801,261,282,0,957,141,450
7,Legislative (Senate) District 7 (2024); Washington,3519,974,4493,0.010164351116374455,0.010164077575461433,0,658,206,427,17,887,569,755,0,174,132,86,3,201,132,246
8,Legislative (Senate) District 8 (2024); Washington,6288,1270,7558,0.018162386990554866,0.017097729426961385,5,1098,614,851,90,1510,1173,947,0,285,99,65,0,443,143,235
9,Legislative (Senate) District 9 (2024); Washington,20748,2071,22819,0.05992894486005604,0.05162120769963375,50,7678,1468,597,40,8598,1505,812,6,629,124,194,0,748,200,170
10,Legislative (Senate) District 10 (2024); Washington,5374,1441,6815,0.015522370815401056,0.01541691268123073,15,1060,751,780,32,905,765,1066,0,111,110,270,0,350,255,345
11,Legislative (Senate) District 11 (2024); Washington,7559,1364,8923,0.02183356922099304,0.02018563636898339,109,1636,897,990,0,1650,1374,903,0,284,248,117,0,250,201,264
12,Legislative (Senate) District 12 (2024); Washington,4705,1036,5741,0.01359001761936397,0.012987306779595835,60,975,490,479,38,1158,758,747,0,148,102,216,21,162,152,235
13,Legislative (Senate) District 13 (2024); Washington,9571,1196,10767,0.027645070910718928,0.024357138494323003,0,3206,851,467,38,3462,870,677,2,266,102,116,0,283,244,183
14,Legislative (Senate) District 14 (2024); Washington,4855,1024,5879,0.01402328066780278,0.013299490778129927,20,1119,603,300,135,1304,967,407,0,202,127,17,0,352,113,213
15,Legislative (Senate) District 15 (2024); Washington,5821,1631,7452,0.01681349469974871,0.016857935920840998,4,1257,338,420,21,2132,785,864,0,273,331,200,0,313,183,331
16,Legislative (Senate) District 16 (2024); Washington,7842,3362,11204,0.022650992172380924,0.025345721156347627,19,1632,1147,1005,8,1940,1219,872,0,1267,143,358,7,1081,245,261
17,Legislative (Senate) District 17 (2024); Washington,5666,1232,6898,0.01636578954969527,0.01560467552092877,87,1240,424,761,42,1774,707,631,0,131,175,202,0,228,195,301
18,Legislative (Senate) District 18 (2024); Washington,5630,1688,7318,0.016261806418069957,0.016554800733858618,84,1131,537,620,131,1595,614,918,0,242,234,221,0,295,368,328
19,Legislative (Senate) District 19 (2024); Washington,5130,713,5843,0.014817596256607262,0.013218051474164511,21,982,524,530,117,1049,775,1132,0,125,101,72,3,117,80,215
20,Legislative (Senate) District 20 (2024); Washington,4906,1169,6075,0.014170590104271973,0.013742882544163856,10,1142,491,453,15,1043,913,839,0,110,66,130,0,177,240,446
21,Legislative (Senate) District 21 (2024); Washington,6577,1894,8471,0.018997140463880305,0.01916312066363984,11,1492,662,821,19,1559,1057,956,10,457,97,255,0,282,382,411
22,Legislative (Senate) District 22 (2024); Washington,7183,2148,9331,0.020747523179573093,0.021108615147258095,40,1199,1254,776,26,1648,1148,1092,0,546,88,180,0,718,212,404
23,Legislative (Senate) District 23 (2024); Washington,5532,1250,6782,0.01597874122642327,0.015342259985929097,28,1106,818,546,26,1168,1141,699,0,133,193,223,0,147,244,310
24,Legislative (Senate) District 24 (2024); Washington,3625,966,4591,0.010470523670604547,0.010385773458478397,42,621,363,506,15,663,593,822,0,79,33,293,0,222,79,260
25,Legislative (Senate) District 25 (2024); Washington,5927,1561,7488,0.017119667253978798,0.016939375224806413,33,1142,1038,584,23,1012,911,1184,0,229,200,230,0,237,266,399
26,Legislative (Senate) District 26 (2024); Washington,4898,1726,6624,0.014147482741688571,0.014984831929636441,29,889,732,410,25,1462,727,624,0,303,279,452,0,193,203,296
27,Legislative (Senate) District 27 (2024); Washington,6887,3965,10852,0.019892550763987174,0.0245494257397969,50,1070,1258,634,0,1750,1305,820,2,1062,452,121,0,1538,379,411
28,Legislative (Senate) District 28 (2024); Washington,7686,2257,9943,0.022200398602004564,0.02249308331467016,0,1497,1333,781,0,1664,1350,1061,0,278,343,399,0,523,209,505
29,Legislative (Senate) District 29 (2024); Washington,5906,2263,8169,0.017059010427197367,0.01847993539148552,40,1091,1059,586,55,1089,981,1005,0,628,316,99,0,796,184,240
30,Legislative (Senate) District 30 (2024); Washington,6273,1766,8039,0.018119060685710984,0.018185849016054852,0,1342,739,312,73,1793,1168,846,23,241,152,240,0,579,272,259
31,Legislative (Senate) District 31 (2024); Washington,5509,1720,7229,0.015912307558995985,0.016353464676833008,87,1005,675,740,75,1206,722,999,0,433,127,284,0,292,242,342
32,Legislative (Senate) District 32 (2024); Washington,7234,1720,8954,0.020894832616042285,0.020255764658509163,13,1474,944,919,45,1237,1113,1489,0,223,275,160,0,414,304,344
33,Legislative (Senate) District 33 (2024); Washington,6916,1669,8585,0.01997631495335201,0.019421011792863655,78,1555,890,749,41,1604,998,1001,0,265,335,298,0,146,298,327
34,Legislative (Senate) District 34 (2024); Washington,6705,2139,8844,0.019366858265214754,0.02000692234083706,88,1577,1044,916,78,1323,942,737,0,320,181,164,0,511,508,455
35,Legislative (Senate) District 35 (2024); Washington,5077,1730,6807,0.014664509979492216,0.015398815058127303,47,594,843,859,95,1104,638,897,0,215,237,255,0,236,169,618
36,Legislative (Senate) District 36 (2024); Washington,6281,2958,9239,0.01814216804829439,0.0209004924815687,0,1389,1058,462,6,1182,1433,751,0,608,254,208,9,795,657,427
37,Legislative (Senate) District 37 (2024); Washington,9314,3629,12943,0.026902746887727102,0.02927969197845478,15,1690,1711,731,10,2322,1631,1204,0,933,520,305,0,1177,376,318
38,Legislative (Senate) District 38 (2024); Washington,6519,1595,8114,0.018829612085150632,0.01835551423264947,5,1100,914,780,43,1691,1237,749,47,219,251,220,46,303,159,350
39,Legislative (Senate) District 39 (2024); Washington,5156,1151,6307,0.014892695185003321,0.014267713614163199,114,961,451,421,45,1156,838,1170,0,90,145,189,11,242,238,236
40,Legislative (Senate) District 40 (2024); Washington,14896,1120,16016,0.04302590913029664,0.03623144145305816,0,5959,1216,436,39,5604,689,953,0,247,60,195,0,205,72,341
41,Legislative (Senate) District 41 (2024); Washington,5265,2168,7433,0.01520753300020219,0.01681495406597036,0,1462,449,311,0,1457,658,928,7,417,237,205,6,664,225,407
42,Legislative (Senate) District 42 (2024); Washington,6942,1133,8075,0.02005141388174807,0.01826728832002027,30,1637,575,390,42,2231,1398,639,0,170,145,144,0,244,206,224
43,Legislative (Senate) District 43 (2024); Washington,17733,4978,22711,0.05122035758643598,0.0513768897877375,15,4934,2295,838,143,6450,2313,745,56,1135,620,212,2,1896,684,373
44,Legislative (Senate) District 44 (2024); Washington,5727,1899,7626,0.01654198318939372,0.017251559223340505,18,1190,717,564,12,1571,583,1072,0,114,47,533,0,478,265,462
45,Legislative (Senate) District 45 (2024); Washington,6022,1975,7997,0.017394067184656713,0.01809083649476187,12,1636,853,569,14,1162,884,892,0,340,138,369,0,441,241,446
46,Legislative (Senate) District 46 (2024); Washington,17008,3044,20052,0.04912625285231507,0.0453616923087364,56,5091,1967,834,114,6076,2106,764,3,717,301,309,0,735,680,299
47,Legislative (Senate) District 47 (2024); Washington,7234,1420,8654,0.020894832616042285,0.0195771037921307,37,1981,859,428,0,2021,757,1151,0,253,225,167,14,191,240,330
48,Legislative (Senate) District 48 (2024); Washington,6648,3179,9827,0.019202218306808006,0.022230667779670487,6,1402,939,226,36,1716,952,1371,0,582,352,281,0,989,601,374
49,Legislative (Senate) District 49 (2024); Washington,5681,1564,7245,0.016409115854539153,0.016389659923039857,19,1165,594,730,112,1276,1219,566,0,130,107,424,0,223,193,487
