legislative_district,median_household_income,census_name,acs_year,acs_dataset,acs_table,acs_variable
1,149329,Legislative (Senate) District 1 (2024); Washington,2024,ACS 5-Year,B19013,B19013_001E
2,104467,Legislative (Senate) District 2 (2024); Washington,2024,ACS 5-Year,B19013,B19013_001E
3,71749,Legislative (Senate) District 3 (2024); Washington,2024,ACS 5-Year,B19013,B19013_001E
4,81659,Legislative (Senate) District 4 (2024); Washington,2024,ACS 5-Year,B19013,B19013_001E
5,149321,Legislative (Senate) District 5 (2024); Washington,2024,ACS 5-Year,B19013,B19013_001E
6,76564,Legislative (Senate) District 6 (2024); Washington,2024,ACS 5-Year,B19013,B19013_001E
7,69064,Legislative (Senate) District 7 (2024); Washington,2024,ACS 5-Year,B19013,B19013_001E
8,92506,Legislative (Senate) District 8 (2024); Washington,2024,ACS 5-Year,B19013,B19013_001E
9,76475,Legislative (Senate) District 9 (2024); Washington,2024,ACS 5-Year,B19013,B19013_001E
10,92852,Legislative (Senate) District 10 (2024); Washington,2024,ACS 5-Year,B19013,B19013_001E
11,99394,Legislative (Senate) District 11 (2024); Washington,2024,ACS 5-Year,B19013,B19013_001E
12,106724,Legislative (Senate) District 12 (2024); Washington,2024,ACS 5-Year,B19013,B19013_001E
13,72944,Legislative (Senate) District 13 (2024); Washington,2024,ACS 5-Year,B19013,B19013_001E
14,57926,Legislative (Senate) District 14 (2024); Washington,2024,ACS 5-Year,B19013,B19013_001E
15,80764,Legislative (Senate) District 15 (2024); Washington,2024,ACS 5-Year,B19013,B19013_001E
16,86195,Legislative (Senate) District 16 (2024); Washington,2024,ACS 5-Year,B19013,B19013_001E
17,101566,Legislative (Senate) District 17 (2024); Washington,2024,ACS 5-Year,B19013,B19013_001E
18,106750,Legislative (Senate) District 18 (2024); Washington,2024,ACS 5-Year,B19013,B19013_001E
19,70131,Legislative (Senate) District 19 (2024); Washington,2024,ACS 5-Year,B19013,B19013_001E
20,90896,Legislative (Senate) District 20 (2024); Washington,2024,ACS 5-Year,B19013,B19013_001E
21,106028,Legislative (Senate) District 21 (2024); Washington,2024,ACS 5-Year,B19013,B19013_001E
22,92436,Legislative (Senate) District 22 (2024); Washington,2024,ACS 5-Year,B19013,B19013_001E
23,106138,Legislative (Senate) District 23 (2024); Washington,2024,ACS 5-Year,B19013,B19013_001E
24,69630,Legislative (Senate) District 24 (2024); Washington,2024,ACS 5-Year,B19013,B19013_001E
25,105882,Legislative (Senate) District 25 (2024); Washington,2024,ACS 5-Year,B19013,B19013_001E
26,106336,Legislative (Senate) District 26 (2024); Washington,2024,ACS 5-Year,B19013,B19013_001E
27,89592,Legislative (Senate) District 27 (2024); Washington,2024,ACS 5-Year,B19013,B19013_001E
28,86693,Legislative (Senate) District 28 (2024); Washington,2024,ACS 5-Year,B19013,B19013_001E
29,80992,Legislative (Senate) District 29 (2024); Washington,2024,ACS 5-Year,B19013,B19013_001E
30,90803,Legislative (Senate) District 30 (2024); Washington,2024,ACS 5-Year,B19013,B19013_001E
31,122456,Legislative (Senate) District 31 (2024); Washington,2024,ACS 5-Year,B19013,B19013_001E
32,100850,Legislative (Senate) District 32 (2024); Washington,2024,ACS 5-Year,B19013,B19013_001E
33,86957,Legislative (Senate) District 33 (2024); Washington,2024,ACS 5-Year,B19013,B19013_001E
34,119342,Legislative (Senate) District 34 (2024); Washington,2024,ACS 5-Year,B19013,B19013_001E
35,99486,Legislative (Senate) District 35 (2024); Washington,2024,ACS 5-Year,B19013,B19013_001E
36,140788,Legislative (Senate) District 36 (2024); Washington,2024,ACS 5-Year,B19013,B19013_001E
37,100083,Legislative (Senate) District 37 (2024); Washington,2024,ACS 5-Year,B19013,B19013_001E
38,91237,Legislative (Senate) District 38 (2024); Washington,2024,ACS 5-Year,B19013,B19013_001E
39,108150,Legislative (Senate) District 39 (2024); Washington,2024,ACS 5-Year,B19013,B19013_001E
40,86990,Legislative (Senate) District 40 (2024); Washington,2024,ACS 5-Year,B19013,B19013_001E
41,197777,Legislative (Senate) District 41 (2024); Washington,2024,ACS 5-Year,B19013,B19013_001E
42,79503,Legislative (Senate) District 42 (2024); Washington,2024,ACS 5-Year,B19013,B19013_001E
43,126847,Legislative (Senate) District 43 (2024); Washington,2024,ACS 5-Year,B19013,B19013_001E
44,146377,Legislative (Senate) District 44 (2024); Washington,2024,ACS 5-Year,B19013,B19013_001E
45,180159,Legislative (Senate) District 45 (2024); Washington,2024,ACS 5-Year,B19013,B19013_001E
46,120264,Legislative (Senate) District 46 (2024); Washington,2024,ACS 5-Year,B19013,B19013_001E
47,106938,Legislative (Senate) District 47 (2024); Washington,2024,ACS 5-Year,B19013,B19013_001E
48,158702,Legislative (Senate) District 48 (2024); Washington,2024,ACS 5-Year,B19013,B19013_001E
49,81089,Legislative (Senate) District 49 (2024); Washington,2024,ACS 5-Year,B19013,B19013_001E
