legislative_district,children_under_3,children_age_3_4,children_under_5,under5_share,fair_start_fy2029_134_9m,fair_start_fy2030_186_6m,equal_fair_start_fy2029,equal_fair_start_fy2030,fy2029_difference_from_equal,fy2030_difference_from_equal
1,6082,4027,10109,0.02338038397579856,3154013.798335226,4362779.649884012,2753061.224489796,3808163.2653061226,400952.5738454298,554616.384577889
2,5403,4233,9636,0.02228641606398209,3006437.527031184,4158645.237539058,2753061.224489796,3808163.2653061226,253376.3025413882,350481.9722329355
3,4640,2875,7515,0.017380906675054524,2344684.3104648553,3243277.185565174,2753061.224489796,3808163.2653061226,-408376.9140249407,-564886.0797409485
4,5523,3986,9509,0.02199268683607365,2966813.454186335,4103835.363611343,2753061.224489796,3808163.2653061226,213752.22969653923,295672.09830522025
5,5119,3848,8967,0.020739133753188813,2797709.143305171,3869922.3583450327,2753061.224489796,3808163.2653061226,44647.91881537484,61759.09303891007
6,5567,4079,9646,0.022309544349644172,3009557.5327669987,4162960.9756436027,2753061.224489796,3808163.2653061226,256496.30827720277,354797.71033748006
7,5139,3359,8498,0.019654417155637174,2651380.874295455,3667514.2412418965,2753061.224489796,3808163.2653061226,-101680.35019434104,-140649.02406422608
8,5450,4752,10202,0.023595477032455923,3183029.851678304,4402916.014256275,2753061.224489796,3808163.2653061226,429968.62718850793,594752.7489501527
9,5246,3209,8455,0.01955496552729022,2637964.8496314506,3648956.567392355,2753061.224489796,3808163.2653061226,-115096.37485834537,-159206.69791376777
10,3974,3555,7529,0.01741328627498144,2349052.3184949965,3249319.218911537,2753061.224489796,3808163.2653061226,-404008.90599479945,-558844.0463945856
11,5518,3889,9407,0.021756778322320414,2934989.395681024,4059814.8349449895,2753061.224489796,3808163.2653061226,181928.1711912281,251651.56963886693
12,5426,4283,9709,0.022455252549315286,3029213.568902632,4190150.1257022326,2753061.224489796,3808163.2653061226,276152.34441283625,381986.86039611
13,5969,4223,10192,0.023572348746793842,3179909.8459424893,4398600.276151731,2753061.224489796,3808163.2653061226,426848.62145269336,590437.0108456081
14,6747,5270,12017,0.027793260880123783,3749310.8927286984,5186222.480231098,2753061.224489796,3808163.2653061226,996249.6682389025,1378059.2149249753
15,5647,4342,9989,0.02310284454785358,3116573.7295054477,4310990.792629478,2753061.224489796,3808163.2653061226,363512.5050156517,502827.52732335497
16,6374,4390,10764,0.024895286686664925,3358374.1740310984,4645460.495731675,2753061.224489796,3808163.2653061226,605312.9495413024,837297.2304255525
17,4221,3685,7906,0.018285222644441927,2466676.534735216,3412022.5454528634,2753061.224489796,3808163.2653061226,-286384.68975458015,-396140.71985325916
18,4987,3357,8344,0.019298241556441113,2603332.785963906,3601051.8744319114,2753061.224489796,3808163.2653061226,-149728.43852589,-207111.3908742112
19,4579,3576,8155,0.018861116957427766,2544364.6775570055,3519484.424256021,2753061.224489796,3808163.2653061226,-208696.54693279043,-288678.84105010144
20,6223,4485,10708,0.024765768286957267,3340902.1419105353,4621292.362346226,2753061.224489796,3808163.2653061226,587840.9174207393,813129.0970401037
21,5130,3667,8797,0.02034595289693342,2744669.0457963184,3796554.810567776,2753061.224489796,3808163.2653061226,-8392.17869347753,-11608.454738346394
22,4643,3553,8196,0.018955942928642302,2557156.7010738463,3537178.9504846535,2753061.224489796,3808163.2653061226,-195904.52341594966,-270984.31482146913
23,4986,3517,8503,0.019665981298468214,2652940.877163362,3669672.110294169,2753061.224489796,3808163.2653061226,-100120.34732643375,-138491.1550119538
24,3491,2740,6231,0.014411234796043212,1944075.5739862293,2689136.4129416635,2753061.224489796,3808163.2653061226,-808985.6505035667,-1119026.852364459
25,5187,4547,9734,0.022513073263470493,3037013.5832421696,4200939.4709635945,2753061.224489796,3808163.2653061226,283952.3587523736,392776.2056574719
26,4563,3177,7740,0.017901293102451366,2414884.439520689,3340381.292917425,2753061.224489796,3808163.2653061226,-338176.7849691068,-467781.9723886978
27,4946,3043,7989,0.018477187415437205,2492572.582342479,3447843.1717205825,2753061.224489796,3808163.2653061226,-260488.64214731706,-360320.0935855401
28,6326,4162,10488,0.024256946002391463,3272262.015722608,4526346.124046247,2753061.224489796,3808163.2653061226,519200.7912328122,718182.8587401249
29,5908,4060,9968,0.023054275147963207,3110021.7174602365,4301927.742609934,2753061.224489796,3808163.2653061226,356960.49297044054,493764.47730381135
30,5370,4807,10177,0.02353765631830072,3175229.837338767,4392126.668994915,2753061.224489796,3808163.2653061226,422168.61284897104,583963.4036887921
31,5791,4560,10351,0.023940088488820944,3229517.937141945,4467220.512013989,2753061.224489796,3808163.2653061226,476456.71265214914,659057.246707866
32,4764,3859,8623,0.019943520726413196,2690380.9459931403,3721460.9675487024,2753061.224489796,3808163.2653061226,-62680.278496655636,-86702.29775742022
33,5862,4112,9974,0.023068152119360457,3111893.720901726,4304517.185472662,2753061.224489796,3808163.2653061226,358832.49641192984,496353.920166539
34,4975,3784,8759,0.02025806541141751,2732813.024000222,3780155.0057705073,2753061.224489796,3808163.2653061226,-20248.200489574112,-28008.259535615332
35,4395,3792,8187,0.018935127471546426,2554348.695911613,3533294.7861905633,2753061.224489796,3808163.2653061226,-198712.52857818315,-274868.47911555925
36,4156,2815,6971,0.01612272793503727,2174955.998436528,3008501.0326779545,2753061.224489796,3808163.2653061226,-578105.2260532682,-799662.2326281681
37,5054,3134,8188,0.018937440300112636,2554660.6964851944,3533726.360001018,2753061.224489796,3808163.2653061226,-198400.5280046016,-274436.9053051048
38,5261,3519,8780,0.020306634811307882,2739365.0360454335,3789218.055790051,2753061.224489796,3808163.2653061226,-13696.188444362488,-18945.209516071714
39,6136,4067,10203,0.023597789861022133,3183341.852251886,4403347.58806673,2753061.224489796,3808163.2653061226,430280.62776208995,595184.3227606071
40,3347,2843,6190,0.014316408824828677,1931283.5504693885,2671441.886713031,2753061.224489796,3808163.2653061226,-821777.6740204075,-1136721.3785930914
41,3851,3277,7128,0.016485842019931956,2223940.088488821,3076258.120919303,2753061.224489796,3808163.2653061226,-529121.136000975,-731905.1443868196
42,4765,3677,8442,0.019524898755929516,2633908.842174892,3643346.107856448,2753061.224489796,3808163.2653061226,-119152.38231490413,-164817.1574496748
43,1651,1252,2903,0.006714141327702367,905737.6651070493,1252858.7717492618,2753061.224489796,3808163.2653061226,-1847323.5593827467,-2555304.493556861
44,5830,4129,9959,0.023033459690867335,3107213.7122980035,4298043.578315845,2753061.224489796,3808163.2653061226,354152.4878082075,489880.31300972216
45,5278,3846,9124,0.021102247838083496,2846693.2333574635,3937679.4465863802,2753061.224489796,3808163.2653061226,93632.00886766752,129516.18128025765
46,5141,2605,7746,0.017915170073848616,2416756.4429621785,3342970.7357801516,2753061.224489796,3808163.2653061226,-336304.7815276175,-465192.52952597104
47,5762,3565,9327,0.02157175203702376,2910029.349794505,4025288.9301086334,2753061.224489796,3808163.2653061226,156968.1253047092,217125.66480251076
48,4163,3618,7781,0.0179961190736659,2427676.46303753,3358075.819146057,2753061.224489796,3808163.2653061226,-325384.761452266,-450087.4461600655
49,5108,3547,8655,0.020017531240531856,2700364.9643477476,3735271.3294832446,2753061.224489796,3808163.2653061226,-52696.260142048355,-72891.93582287803
