legislative_district,medicaid_acs_estimate,medicaid_share,health_low_500m,health_central_750m,health_high_1b,equal_health_low_500m,equal_health_central_750m,equal_health_high_1b,health_central_difference_from_equal,health_central_ratio_to_equal
1,15140,0.009619704000310068,4809852.0,7214778.0,9619704.0,10204081.63,15306122.45,20408163.27,-8091344.45,0.4713654960151933
2,32107,0.020400253390882122,10200126.7,15300190.04,20400253.39,10204081.63,15306122.45,20408163.27,-5932.41,0.9996124161532239
3,41736,0.02651835971974511,13259179.86,19888769.79,26518359.72,10204081.63,15306122.45,20408163.27,4582647.34,1.2993996262675103
4,39644,0.02518913774030993,12594568.87,18891853.31,25189137.74,10204081.63,15306122.45,20408163.27,3585730.86,1.2342677492751866
5,15277,0.009706751519995832,4853375.76,7280063.64,9706751.52,10204081.63,15306122.45,20408163.27,-8026058.81,0.47563082447979577
6,43991,0.02795114918610569,13975574.59,20963361.89,27951149.19,10204081.63,15306122.45,20408163.27,5657239.44,1.3696063101191789
7,46516,0.02955549215841632,14777746.08,22166619.12,29555492.16,10204081.63,15306122.45,20408163.27,6860496.67,1.4482191157623998
8,37562,0.02386626959442845,11933134.8,17899702.2,23866269.59,10204081.63,15306122.45,20408163.27,2593579.75,1.169447210126994
9,33500,0.021285342404913293,10642671.2,15964006.8,21285342.4,10204081.63,15306122.45,20408163.27,657884.35,1.0429817778407513
10,28175,0.017901926037565134,8950963.02,13426444.53,17901926.04,10204081.63,15306122.45,20408163.27,-1879677.92,0.8771943758406916
11,32017,0.020343068888898773,10171534.44,15257301.67,20343068.89,10204081.63,15306122.45,20408163.27,-48820.78,0.9968103755560398
12,27999,0.017790098567019918,8895049.28,13342573.93,17790098.57,10204081.63,15306122.45,20408163.27,-1963548.52,0.871714829783976
13,46841,0.029761991748911747,14880995.87,22321493.81,29761991.75,10204081.63,15306122.45,20408163.27,7015371.36,1.4583375956966758
14,71773,0.0456033695650102,22801684.78,34202527.17,45603369.57,10204081.63,15306122.45,20408163.27,18896404.72,2.2345651086854996
15,44970,0.028573189491013454,14286594.75,21429892.12,28573189.49,10204081.63,15306122.45,20408163.27,6123769.67,1.4000862850596592
16,39115,0.024853019945318907,12426509.97,18639764.96,24853019.95,10204081.63,15306122.45,20408163.27,3333642.51,1.2177979773206264
17,28809,0.01830475908487006,9152379.54,13728569.31,18304759.08,10204081.63,15306122.45,20408163.27,-1577553.14,0.8969331951586329
18,30825,0.019585691929297083,9792845.96,14689268.95,19585691.93,10204081.63,15306122.45,20408163.27,-616853.5,0.9596989045355571
19,45588,0.028965856404632454,14482928.2,21724392.3,28965856.4,10204081.63,15306122.45,20408163.27,6418269.85,1.4193269638269903
20,34664,0.022024928630564607,11012464.32,16518696.47,22024928.63,10204081.63,15306122.45,20408163.27,1212574.02,1.0792215028976657
21,25919,0.016468501187849184,8234250.59,12351375.89,16468501.19,10204081.63,15306122.45,20408163.27,-2954746.56,0.80695655820461
22,28219,0.01792988290520144,8964941.45,13447412.18,17929882.91,10204081.63,15306122.45,20408163.27,-1858710.27,0.8785642623548705
23,23509,0.014937227301406166,7468613.65,11202920.48,14937227.3,10204081.63,15306122.45,20408163.27,-4103201.97,0.7319241377689022
24,39617,0.025171982389714923,12585991.19,18878986.79,25171982.39,10204081.63,15306122.45,20408163.27,3572864.34,1.2334271370960312
25,29669,0.01885118877048873,9425594.39,14138391.58,18851188.77,10204081.63,15306122.45,20408163.27,-1167730.87,0.9237082497539477
26,24712,0.015701593477916935,7850796.74,11776195.11,15701593.48,10204081.63,15306122.45,20408163.27,-3529927.34,0.7693780804179299
27,35003,0.022240323588035224,11120161.79,16680242.69,22240323.59,10204081.63,15306122.45,20408163.27,1374120.24,1.089775855813726
28,28342,0.018008035057912018,9004017.53,13506026.29,18008035.06,10204081.63,15306122.45,20408163.27,-1800096.16,0.8823937178376888
29,50168,0.031875912172229556,15937956.09,23906934.13,31875912.17,10204081.63,15306122.45,20408163.27,8600811.68,1.5619196964392483
30,44303,0.028149388792981303,14074694.4,21112041.59,28149388.79,10204081.63,15306122.45,20408163.27,5805919.15,1.3793200508560837
31,24001,0.015249835912248476,7624917.96,11437376.93,15249835.91,10204081.63,15306122.45,20408163.27,-3868745.51,0.7472419597001754
32,29733,0.018891853305232447,9445926.65,14168889.98,18891853.31,10204081.63,15306122.45,20408163.27,-1137232.47,0.92570081195639
33,43409,0.027581356073280033,13790678.04,20686017.05,27581356.07,10204081.63,15306122.45,20408163.27,5379894.61,1.3514864475907216
34,29780,0.01892171632293486,9460858.16,14191287.24,18921716.32,10204081.63,15306122.45,20408163.27,-1114835.21,0.9271640998238082
35,32711,0.02078402493752593,10392012.47,15588018.7,20784024.94,10204081.63,15306122.45,20408163.27,281896.25,1.0184172219387706
36,11127,0.0070699105952080656,3534955.3,5302432.95,7069910.6,10204081.63,15306122.45,20408163.27,-10003689.5,0.34642561916519515
37,35448,0.022523069181175116,11261534.59,16892301.89,22523069.18,10204081.63,15306122.45,20408163.27,1586179.44,1.1036303898775808
38,37794,0.02401367853287442,12006839.27,18010258.9,24013678.53,10204081.63,15306122.45,20408163.27,2704136.45,1.1766702481108466
39,28991,0.018420398855547502,9210199.43,13815299.14,18420398.86,10204081.63,15306122.45,20408163.27,-1490823.31,0.9025995439218276
40,29280,0.018604024645249587,9302012.32,13953018.48,18604024.65,10204081.63,15306122.45,20408163.27,-1353103.97,0.9115972076172298
41,11739,0.00745876520869484,3729382.6,5594073.91,7458765.21,10204081.63,15306122.45,20408163.27,-9712048.54,0.36547949522604717
42,37223,0.023650874636957836,11825437.32,17738155.98,23650874.64,10204081.63,15306122.45,20408163.27,2432033.53,1.1588928572109338
43,14900,0.009467211995021136,4733606.0,7100409.0,9467212.0,10204081.63,15306122.45,20408163.27,-8205713.45,0.46389338775603567
44,16276,0.010341499492011007,5170749.75,7756124.62,10341499.49,10204081.63,15306122.45,20408163.27,-7549997.83,0.5067334751085394
45,13567,0.008620245982312199,4310122.99,6465184.49,8620245.98,10204081.63,15306122.45,20408163.27,-8840937.96,0.42239205313329775
46,18201,0.011564612451099309,5782306.23,8673459.34,11564612.45,10204081.63,15306122.45,20408163.27,-6632663.11,0.5666660101038661
47,38080,0.024195398172510395,12097699.09,18146548.63,24195398.17,10204081.63,15306122.45,20408163.27,2840426.18,1.1855745104530093
48,13521,0.008591018347965154,4295509.17,6443263.76,8591018.35,10204081.63,15306122.45,20408163.27,-8862858.69,0.4209598990502925
49,42362,0.02691610970020707,13458054.85,20187082.28,26916109.7,10204081.63,15306122.45,20408163.27,4880959.83,1.3188893753101465
