legislative_district,public_higher_ed_enrollment_estimate,public_higher_ed_share,higher_ed_low_250m,higher_ed_central_400m,higher_ed_high_550m,equal_higher_ed_low_250m,equal_higher_ed_central_400m,equal_higher_ed_high_550m,higher_ed_central_difference_from_equal,higher_ed_central_ratio_to_equal
1,6369,0.018396349036711824,4599087.26,7358539.61,10117991.97,5102040.82,8163265.31,11224489.8,-804725.69,0.9014211027988793
2,6734,0.01945062245457959,4862655.61,7780248.98,10697842.35,5102040.82,8163265.31,11224489.8,-383016.32,0.9530805002743998
3,7101,0.02051067271309321,5127668.18,8204269.09,11280869.99,5102040.82,8163265.31,11224489.8,41003.78,1.0050229629415672
4,5390,0.015568585540567864,3892146.39,6227434.22,8562722.05,5102040.82,8163265.31,11224489.8,-1935831.09,0.7628606914878253
5,4244,0.012258455850495365,3064613.96,4903382.34,6742150.72,5102040.82,8163265.31,11224489.8,-3259882.97,0.6006643366742729
6,6397,0.018477224805753735,4619306.2,7390889.92,10162473.64,5102040.82,8163265.31,11224489.8,-772375.38,0.9053840154819329
7,3519,0.010164351116374455,2541087.78,4065740.45,5590393.11,5102040.82,8163265.31,11224489.8,-4097524.86,0.49805320470234826
8,6288,0.018162386990554866,4540596.75,7264954.8,9989312.84,5102040.82,8163265.31,11224489.8,-898310.51,0.8899569625371884
9,20748,0.05992894486005604,14982236.22,23971577.94,32960919.67,5102040.82,8163265.31,11224489.8,15808312.64,2.936518298142746
10,5374,0.015522370815401056,3880592.7,6208948.33,8537303.95,5102040.82,8163265.31,11224489.8,-1954316.98,0.7605961699546517
11,7559,0.02183356922099304,5458392.31,8733427.69,12008463.07,5102040.82,8163265.31,11224489.8,570162.38,1.069844891828659
12,4705,0.01359001761936397,3397504.4,5436007.05,7474509.69,5102040.82,8163265.31,11224489.8,-2727258.26,0.6659108633488344
13,9571,0.027645070910718928,6911267.73,11058028.36,15204789.0,5102040.82,8163265.31,11224489.8,2894763.06,1.3546084746252276
14,4855,0.01402328066780278,3505820.17,5609312.27,7712804.37,5102040.82,8163265.31,11224489.8,-2553953.04,0.6871407527223362
15,5821,0.01681349469974871,4203373.67,6725397.88,9247422.08,5102040.82,8163265.31,11224489.8,-1437867.43,0.8238612402876867
16,7842,0.022650992172380924,5662748.04,9060396.87,12458045.69,5102040.82,8163265.31,11224489.8,897131.56,1.109898616446665
17,5666,0.01636578954969527,4091447.39,6546315.82,9001184.25,5102040.82,8163265.31,11224489.8,-1616949.49,0.8019236879350682
18,5630,0.016261806418069957,4065451.6,6504722.57,8943993.53,5102040.82,8163265.31,11224489.8,-1658542.74,0.7968285144854279
19,5130,0.014817596256607262,3704399.06,5927038.5,8149677.94,5102040.82,8163265.31,11224489.8,-2236226.8,0.7260622165737558
20,4906,0.014170590104271973,3542647.53,5668236.04,7793824.56,5102040.82,8163265.31,11224489.8,-2495029.26,0.6943589151093267
21,6577,0.018997140463880305,4749285.12,7598856.19,10448427.26,5102040.82,8163265.31,11224489.8,-564409.12,0.930859882730135
22,7183,0.020747523179573093,5186880.79,8299009.27,11411137.75,5102040.82,8163265.31,11224489.8,135743.97,1.0166286357990815
23,5532,0.01597874122642327,3994685.31,6391496.49,8788307.67,5102040.82,8163265.31,11224489.8,-1771768.82,0.7829583200947402
24,3625,0.010470523670604547,2617630.92,4188209.47,5758788.02,5102040.82,8163265.31,11224489.8,-3975055.84,0.5130556598596228
25,5927,0.017119667253978798,4279916.81,6847866.9,9415816.99,5102040.82,8163265.31,11224489.8,-1315398.4,0.8388636954449611
26,4898,0.014147482741688571,3536870.69,5658993.1,7781115.51,5102040.82,8163265.31,11224489.8,-2504272.21,0.69322665434274
27,6887,0.019892550763987174,4973137.69,7957020.31,10940902.92,5102040.82,8163265.31,11224489.8,-206245.0,0.9747349874353716
28,7686,0.022200398602004564,5550099.65,8880159.44,12210219.23,5102040.82,8163265.31,11224489.8,716894.13,1.0878195314982235
29,5906,0.017059010427197367,4264752.61,6823604.17,9382455.73,5102040.82,8163265.31,11224489.8,-1339661.14,0.835891510932671
30,6273,0.018119060685710984,4529765.17,7247624.27,9965483.38,5102040.82,8163265.31,11224489.8,-915641.03,0.8878339735998382
31,5509,0.015912307558995985,3978076.89,6364923.02,8751769.16,5102040.82,8163265.31,11224489.8,-1798342.28,0.7797030703908033
32,7234,0.020894832616042285,5223708.15,8357933.05,11492157.94,5102040.82,8163265.31,11224489.8,194667.74,1.023846798186072
33,6916,0.01997631495335201,4994078.74,7990525.98,10986973.22,5102040.82,8163265.31,11224489.8,-172739.32,0.9788394327142484
34,6705,0.019366858265214754,4841714.57,7746743.31,10651772.05,5102040.82,8163265.31,11224489.8,-416522.0,0.9489760549955228
35,5077,0.014664509979492216,3666127.49,5865803.99,8065480.49,5102040.82,8163265.31,11224489.8,-2297461.31,0.7185609889951186
36,6281,0.01814216804829439,4535542.01,7256867.22,9978192.43,5102040.82,8163265.31,11224489.8,-906398.09,0.8889662343664251
37,9314,0.026902746887727102,6725686.72,10761098.76,14796510.79,5102040.82,8163265.31,11224489.8,2597833.45,1.3182345974986278
38,6519,0.018829612085150632,4707403.02,7531844.83,10356286.65,5102040.82,8163265.31,11224489.8,-631420.47,0.9226509921723809
39,5156,0.014892695185003321,3723173.8,5957078.07,8190982.35,5102040.82,8163265.31,11224489.8,-2206187.23,0.7297420640651626
40,14896,0.04302590913029664,10756477.28,17210363.65,23664250.02,5102040.82,8163265.31,11224489.8,9047098.35,2.1082695473845354
41,5265,0.01520753300020219,3801883.25,6083013.2,8364143.15,5102040.82,8163265.31,11224489.8,-2080252.11,0.7451691170099073
42,6942,0.02005141388174807,5012853.47,8020565.55,11028277.63,5102040.82,8163265.31,11224489.8,-142699.75,0.9825192802056555
43,17733,0.05122035758643598,12805089.4,20488143.03,28171196.67,5102040.82,8163265.31,11224489.8,12324877.73,2.5097975217353627
44,5727,0.01654198318939372,4135495.8,6616793.28,9098090.75,5102040.82,8163265.31,11224489.8,-1546472.03,0.8105571762802922
45,6022,0.017394067184656713,4348516.8,6957626.87,9566736.95,5102040.82,8163265.31,11224489.8,-1205638.43,0.8523092920481788
46,17008,0.04912625285231507,12281563.21,19650501.14,27019439.07,5102040.82,8163265.31,11224489.8,11487235.83,2.4071863897634382
47,7234,0.020894832616042285,5223708.15,8357933.05,11492157.94,5102040.82,8163265.31,11224489.8,194667.74,1.023846798186072
48,6648,0.019202218306808006,4800554.58,7680887.32,10561220.07,5102040.82,8163265.31,11224489.8,-482377.98,0.9409086970335923
49,5681,0.016409115854539153,4102278.96,6563646.34,9025013.72,5102040.82,8163265.31,11224489.8,-1599618.96,0.8040466768724185
