legislative_district,wftc_central_250m,k12_central_1b,health_central_750m,public_higher_ed_enrollment,higher_ed_central_400m,combined_wftc_k12_health_higher_ed,combined_share,equal_combined_2_4b,difference_from_equal,ratio_to_equal
1,2922716.2,20087581.41,7214778.0,6369,7358539.61,37583615.22,0.015659839675,48979591.84,-11395976.62,0.7673321440749999
2,3631172.05,22908713.23,15300190.04,6734,7780248.98,49620324.3,0.020675135124999997,48979591.84,640732.46,1.0130816211249998
3,7642027.66,18029979.79,19888769.79,7101,8204269.09,53765046.33,0.0224021026375,48979591.84,4785454.49,1.0977030292374998
4,6119540.24,19674002.55,18891853.31,5390,6227434.22,50912830.32,0.021213679299999996,48979591.84,1933238.48,1.0394702856999998
5,2664230.4,23552473.99,7280063.64,4244,4903382.34,38400150.37,0.016000062654166664,48979591.84,-10579441.47,0.7840030700541666
6,6620981.87,22879706.56,20963361.89,6397,7390889.92,57854940.24,0.0241062251,48979591.84,8875348.4,1.1812050298999999
7,7515580.06,22043191.86,22166619.12,3519,4065740.45,55791131.49,0.0232463047875,48979591.84,6811539.65,1.1390689345875
8,5179763.41,26411969.46,17899702.2,6288,7264954.8,56756389.87,0.023648495779166667,48979591.84,7776798.03,1.1587762931791665
9,6970764.28,18551164.01,15964006.8,20748,23971577.94,65457513.03,0.0272739637625,48979591.84,16477921.19,1.3364242243625
10,5030212.49,18891758.37,13426444.53,5374,6208948.33,43557363.72,0.01814890155,48979591.84,-5422228.12,0.8892961759499999
11,4449154.67,17919567.33,15257301.67,7559,8733427.69,46359451.36,0.019316438066666667,48979591.84,-2620140.48,0.9465054652666666
12,4342370.71,22834793.02,13342573.93,4705,5436007.05,45955744.71,0.019148226962499997,48979591.84,-3023847.13,0.9382631211624998
13,6917039.16,27139007.41,22321493.81,9571,11058028.36,67435568.74,0.028098153641666665,48979591.84,18455976.9,1.3768095284416664
14,7234574.47,35186016.92,34202527.17,4855,5609312.27,82232430.83,0.03426351284583333,48979591.84,33252838.99,1.6789121294458331
15,5891151.09,25567033.46,21429892.12,5821,6725397.88,59613474.55,0.024838947729166668,48979591.84,10633882.71,1.2171084387291666
16,5468823.52,24912980.01,18639764.96,7842,9060396.87,58081965.36,0.0242008189,48979591.84,9102373.52,1.1858401261
17,4343770.85,22366943.63,13728569.31,5666,6546315.82,46985599.61,0.019577333170833332,48979591.84,-1993992.23,0.9592893253708332
18,3890670.44,23443932.93,14689268.95,5630,6504722.57,48528594.89,0.020220247870833333,48979591.84,-450996.95,0.9907921456708333
19,7354907.4,19596339.55,21724392.3,5130,5927038.5,54602677.75,0.022751115729166667,48979591.84,5623085.91,1.1148046707291666
20,5306066.6,23144509.32,16518696.47,4906,5668236.04,50637508.43,0.021098961845833333,48979591.84,1657916.59,1.0338491304458333
21,4390554.5,19021820.5,12351375.89,6577,7598856.19,43362607.08,0.018067752949999998,48979591.84,-5616984.76,0.8853198945499999
22,5737024.49,18201212.67,13447412.18,7183,8299009.27,45684658.61,0.019035274420833335,48979591.84,-3294933.23,0.9327284466208332
23,4250000.9,17777341.12,11202920.48,5532,6391496.49,39621758.99,0.016509066245833336,48979591.84,-9357832.85,0.8089442460458334
24,7529707.97,15756231.75,18878986.79,3625,4188209.47,46353135.98,0.01931380665833333,48979591.84,-2626455.86,0.9463765262583332
25,3870927.13,24081143.8,14138391.58,5927,6847866.9,48938329.41,0.020390970587499998,48979591.84,-41262.43,0.9991575587874999
26,4233017.53,18804738.38,11776195.11,4898,5658993.1,40472944.12,0.016863726716666666,48979591.84,-8506647.72,0.8263226091166666
27,6446402.75,17371247.85,16680242.69,6887,7957020.31,48454913.6,0.020189547333333335,48979591.84,-524678.24,0.9892878193333333
28,5316780.29,19382064.53,13506026.29,7686,8880159.44,47085030.55,0.019618762729166666,48979591.84,-1894561.29,0.9613193737291665
29,5620763.9,21777453.4,23906934.13,5906,6823604.17,58128755.6,0.02422031483333333,48979591.84,9149163.76,1.1867954268333332
30,4785845.58,22893742.05,21112041.59,6273,7247624.27,56039253.49,0.023349688954166663,48979591.84,7059661.65,1.1441347587541664
31,3168404.94,25051463.43,11437376.93,5509,6364923.02,46022168.32,0.019175903466666665,48979591.84,-2957423.52,0.9396192698666664
32,5370519.1,17475110.41,14168889.98,7234,8357933.05,45372452.54,0.01890518855833333,48979591.84,-3607139.3,0.926354239358333
33,5533857.8,20110973.88,20686017.05,6916,7990525.98,54321374.71,0.02263390612916667,48979591.84,5341782.87,1.1090614003291668
34,4650243.46,16374728.65,14191287.24,6705,7746743.31,42963002.66,0.017901251108333335,48979591.84,-6016589.18,0.8771613043083334
35,4261305.75,22093719.59,15588018.7,5077,5865803.99,47808848.03,0.019920353345833332,48979591.84,-1170743.81,0.9760973139458333
36,3960658.7,10466726.55,5302432.95,6281,7256867.22,26986685.42,0.011244452258333332,48979591.84,-21992906.42,0.5509781606583333
37,6255483.96,15946178.61,16892301.89,9314,10761098.76,49855063.22,0.020772943008333333,48979591.84,875471.38,1.0178742074083333
38,5374559.37,18997492.33,18010258.9,6519,7531844.83,49914155.43,0.020797564762499998,48979591.84,934563.59,1.0190806733624997
39,3945054.2,22482034.58,13815299.14,5156,5957078.07,46199465.99,0.019249777495833335,48979591.84,-2780125.85,0.9432390972958333
40,6088245.36,16894041.47,13953018.48,14896,17210363.65,54145668.96,0.0225606954,48979591.84,5166077.12,1.1054740746
41,2546051.41,24151321.21,5594073.91,5265,6083013.2,38374459.73,0.015989358220833336,48979591.84,-10605132.11,0.7834785528208333
42,6703714.57,19254809.49,17738155.98,6942,8020565.55,51717245.59,0.021548852329166666,48979591.84,2737653.75,1.0558937641291666
43,5773507.8,4277079.12,7100409.0,17733,20488143.03,37639138.95,0.0156829745625,48979591.84,-11340452.89,0.7684657535625
44,2889035.17,22538176.51,7756124.62,5727,6616793.28,39800129.58,0.016583387325,48979591.84,-9179462.26,0.812585978925
45,2670350.77,22073134.22,6465184.49,6022,6957626.87,38166296.35,0.015902623479166666,48979591.84,-10813295.49,0.7792285504791665
46,5208689.87,11059023.88,8673459.34,17008,19650501.14,44591674.23,0.018579864262500002,48979591.84,-4387917.61,0.9104133488625
47,3622294.04,23562766.67,18146548.63,7234,8357933.05,53689542.39,0.0223706426625,48979591.84,4709950.55,1.0961614904624999
48,3698597.24,16462684.33,6443263.76,6648,7680887.32,34285432.65,0.014285596937499999,48979591.84,-14694159.19,0.6999942499374999
49,6602883.89,20519874.24,20187082.28,5681,6563646.34,53873486.75,0.022447286145833332,48979591.84,4893894.91,1.0999170211458333
