scenario_fy,legislative_district,tax_incidence_share,wftc_share,k12_share,health_share,higher_ed_share,fair_start_share,estimated_tax_paid,wftc_benefit,k12_benefit,health_human_services_benefit,higher_education_benefit,fair_start_benefit,illustrative_benefit_total,illustrative_net,average_benefit_total,average_net,illustrative_minus_average_benefit,illustrative_minus_average_net,statewide_tax_control,statewide_modeled_benefit_control,statewide_unallocated_amount,tax_geography_method,benefit_geography_method,scenario_status
2029,1,0.023238552015530434,0.011690864819437635,0.020087581405793847,0.009619704000310068,0.018396349036711824,0.02338038397579856,62697613.33790111,2922716.2048594085,20087581.405793846,7214778.00023255,7358539.61468473,3154013.798335226,40737629.02390576,-21959984.313995346,51732653.06122449,-10964960.276676618,-10995024.037318729,-10995024.037318729,2698000000.0,2534900000.0,163100000.0,MODEL2_SHARE_NORMALIZED_TO_DOR,COMPONENT_SHARES_X_EXACT_STATE_CONTROL,ILLUSTRATIVE_NOT_FORECAST
2029,2,0.003168893456663241,0.014524688202879372,0.02290871322703795,0.020400253390882122,0.01945062245457959,0.02228641606398209,8549674.546077425,3631172.0507198432,22908713.22703795,15300190.043161592,7780248.981831836,3006437.527031184,52626761.829782404,44077087.28370498,51732653.06122449,43182978.51514707,894108.7685579136,894108.7685579136,2698000000.0,2534900000.0,163100000.0,MODEL2_SHARE_NORMALIZED_TO_DOR,COMPONENT_SHARES_X_EXACT_STATE_CONTROL,ILLUSTRATIVE_NOT_FORECAST
2029,3,0.006337786913326482,0.03056811065190342,0.018029979788906355,0.02651835971974511,0.02051067271309321,0.017380906675054524,17099349.09215485,7642027.662975855,18029979.788906354,19888769.789808832,8204269.085237284,2344684.3104648553,56109730.63739318,39010381.54523833,51732653.06122449,34633303.969069645,4377077.576168686,4377077.576168686,2698000000.0,2534900000.0,163100000.0,MODEL2_SHARE_NORMALIZED_TO_DOR,COMPONENT_SHARES_X_EXACT_STATE_CONTROL,ILLUSTRATIVE_NOT_FORECAST
2029,4,0.005281489094438735,0.024478160978437403,0.019674002545100683,0.02518913774030993,0.015568585540567864,0.02199268683607365,14249457.576795707,6119540.24460935,19674002.54510068,18891853.305232447,6227434.216227146,2966813.454186335,53879643.76535596,39630186.188560255,51732653.06122449,37483195.484428786,2146990.704131469,2146990.704131469,2698000000.0,2534900000.0,163100000.0,MODEL2_SHARE_NORMALIZED_TO_DOR,COMPONENT_SHARES_X_EXACT_STATE_CONTROL,ILLUSTRATIVE_NOT_FORECAST
2029,5,0.06757451181911614,0.010656921613417693,0.02355247398757392,0.009706751519995832,0.012258455850495365,0.020739133753188813,182316032.88797534,2664230.403354423,23552473.987573918,7280063.639996874,4903382.340198146,2797709.143305171,41197859.51442853,-141118173.3735468,51732653.06122449,-130583379.82675084,-10534793.546795957,-10534793.546795964,2698000000.0,2534900000.0,163100000.0,MODEL2_SHARE_NORMALIZED_TO_DOR,COMPONENT_SHARES_X_EXACT_STATE_CONTROL,ILLUSTRATIVE_NOT_FORECAST
2029,6,0.005281489094438735,0.026483927465184236,0.02287970656486264,0.02795114918610569,0.018477224805753735,0.022309544349644172,14249457.576795707,6620981.8662960585,22879706.56486264,20963361.88957927,7390889.922301494,3009557.5327669987,60864497.775806464,46615040.19901076,51732653.06122449,37483195.484428786,9131844.714581974,9131844.714581974,2698000000.0,2534900000.0,163100000.0,MODEL2_SHARE_NORMALIZED_TO_DOR,COMPONENT_SHARES_X_EXACT_STATE_CONTROL,ILLUSTRATIVE_NOT_FORECAST
2029,7,0.002112595637775494,0.030062320251565706,0.02204319185567782,0.02955549215841632,0.010164351116374455,0.019654417155637174,5699783.030718283,7515580.0628914265,22043191.85567782,22166619.11881224,4065740.446549782,2651380.874295455,58442512.358226724,52742729.32750844,51732653.06122449,46032870.03050621,6709859.297002234,6709859.297002234,2698000000.0,2534900000.0,163100000.0,MODEL2_SHARE_NORMALIZED_TO_DOR,COMPONENT_SHARES_X_EXACT_STATE_CONTROL,ILLUSTRATIVE_NOT_FORECAST
2029,8,0.007394084732214229,0.02071905362221616,0.026411969458791824,0.02386626959442845,0.018162386990554866,0.023595477032455923,19949240.60751399,5179763.40555404,26411969.458791826,17899702.195821337,7264954.796221946,3183029.851678304,59939419.70806746,39990179.10055347,51732653.06122449,31783412.4537105,8206766.646842971,8206766.646842968,2698000000.0,2534900000.0,163100000.0,MODEL2_SHARE_NORMALIZED_TO_DOR,COMPONENT_SHARES_X_EXACT_STATE_CONTROL,ILLUSTRATIVE_NOT_FORECAST
2029,9,0.003168893456663241,0.027883057107484278,0.018551164009282133,0.021285342404913293,0.05992894486005604,0.01955496552729022,8549674.546077425,6970764.276871069,18551164.00928213,15964006.80368497,23971577.944022417,2637964.8496314506,68095477.88349204,59545803.337414615,51732653.06122449,43182978.51514707,16362824.822267547,16362824.822267547,2698000000.0,2534900000.0,163100000.0,MODEL2_SHARE_NORMALIZED_TO_DOR,COMPONENT_SHARES_X_EXACT_STATE_CONTROL,ILLUSTRATIVE_NOT_FORECAST
2029,10,0.005281489094438735,0.02012084994919078,0.01889175836514709,0.017901926037565134,0.015522370815401056,0.01741328627498144,14249457.576795707,5030212.487297695,18891758.36514709,13426444.52817385,6208948.3261604225,2349052.3184949965,45906416.02527406,31656958.448478356,51732653.06122449,37483195.484428786,-5826237.03595043,-5826237.03595043,2698000000.0,2534900000.0,163100000.0,MODEL2_SHARE_NORMALIZED_TO_DOR,COMPONENT_SHARES_X_EXACT_STATE_CONTROL,ILLUSTRATIVE_NOT_FORECAST
2029,11,0.01056297818887747,0.01779661868636704,0.017919567332884197,0.020343068888898773,0.02183356922099304,0.021756778322320414,28498915.153591413,4449154.67159176,17919567.332884196,15257301.66667408,8733427.688397216,2934989.395681024,49294440.75522827,20795525.60163686,51732653.06122449,23233737.907633077,-2438212.305996217,-2438212.305996217,2698000000.0,2534900000.0,163100000.0,MODEL2_SHARE_NORMALIZED_TO_DOR,COMPONENT_SHARES_X_EXACT_STATE_CONTROL,ILLUSTRATIVE_NOT_FORECAST
2029,12,0.004225191275550988,0.017369482852868486,0.022834793023429896,0.017790098567019918,0.01359001761936397,0.022455252549315286,11399566.061436566,4342370.713217122,22834793.023429897,13342573.925264938,5436007.047745587,3029213.568902632,48984958.27856018,37585392.21712361,51732653.06122449,40333086.99978793,-2747694.782664314,-2747694.782664314,2698000000.0,2534900000.0,163100000.0,MODEL2_SHARE_NORMALIZED_TO_DOR,COMPONENT_SHARES_X_EXACT_STATE_CONTROL,ILLUSTRATIVE_NOT_FORECAST
2029,13,0.004225191275550988,0.027668156635497595,0.027139007410734335,0.029761991748911747,0.027645070910718928,0.023572348746793842,11399566.061436566,6917039.158874399,27139007.410734337,22321493.81168381,11058028.364287572,3179909.8459424893,70615478.5915226,59215912.53008604,51732653.06122449,40333086.99978793,18882825.530298114,18882825.530298114,2698000000.0,2534900000.0,163100000.0,MODEL2_SHARE_NORMALIZED_TO_DOR,COMPONENT_SHARES_X_EXACT_STATE_CONTROL,ILLUSTRATIVE_NOT_FORECAST
2029,14,0.003168893456663241,0.028938297870315238,0.03518601691743394,0.0456033695650102,0.01402328066780278,0.027793260880123783,8549674.546077425,7234574.46757881,35186016.91743394,34202527.17375765,5609312.267121112,3749310.8927286984,85981741.7186202,77432067.17254277,51732653.06122449,43182978.51514707,34249088.657395706,34249088.6573957,2698000000.0,2534900000.0,163100000.0,MODEL2_SHARE_NORMALIZED_TO_DOR,COMPONENT_SHARES_X_EXACT_STATE_CONTROL,ILLUSTRATIVE_NOT_FORECAST
2029,15,0.004225191275550988,0.023564604356745317,0.02556703346058837,0.028573189491013454,0.01681349469974871,0.02310284454785358,11399566.061436566,5891151.089186329,25567033.46058837,21429892.11826009,6725397.879899483,3116573.7295054477,62730048.27743973,51330482.216003165,51732653.06122449,40333086.99978793,10997395.216215238,10997395.216215238,2698000000.0,2534900000.0,163100000.0,MODEL2_SHARE_NORMALIZED_TO_DOR,COMPONENT_SHARES_X_EXACT_STATE_CONTROL,ILLUSTRATIVE_NOT_FORECAST
2029,16,0.005281489094438735,0.02187529408359985,0.024912980013474063,0.024853019945318907,0.022650992172380924,0.024895286686664925,14249457.576795707,5468823.520899963,24912980.013474062,18639764.95898918,9060396.86895237,3358374.1740310984,61440339.536346674,47190881.95955097,51732653.06122449,37483195.484428786,9707686.475122184,9707686.475122184,2698000000.0,2534900000.0,163100000.0,MODEL2_SHARE_NORMALIZED_TO_DOR,COMPONENT_SHARES_X_EXACT_STATE_CONTROL,ILLUSTRATIVE_NOT_FORECAST
2029,17,0.011619276007765217,0.017375083387377425,0.022366943633505502,0.01830475908487006,0.01636578954969527,0.018285222644441927,31348806.668950554,4343770.8468443565,22366943.6335055,13728569.313652545,6546315.819878108,2466676.534735216,49452276.148615725,18103469.47966517,51732653.06122449,20383846.392273936,-2280376.912608765,-2280376.912608765,2698000000.0,2534900000.0,163100000.0,MODEL2_SHARE_NORMALIZED_TO_DOR,COMPONENT_SHARES_X_EXACT_STATE_CONTROL,ILLUSTRATIVE_NOT_FORECAST
2029,18,0.014788169464428458,0.015562681777314853,0.023443932929111462,0.019585691929297083,0.016261806418069957,0.019298241556441113,39898481.21502798,3890670.444328713,23443932.929111462,14689268.946972812,6504722.567227983,2603332.785963906,51131927.673604876,11233446.458576895,51732653.06122449,11834171.84619651,-600725.3876196146,-600725.3876196146,2698000000.0,2534900000.0,163100000.0,MODEL2_SHARE_NORMALIZED_TO_DOR,COMPONENT_SHARES_X_EXACT_STATE_CONTROL,ILLUSTRATIVE_NOT_FORECAST
2029,19,0.002112595637775494,0.029419629596507166,0.019596339546373232,0.028965856404632454,0.014817596256607262,0.018861116957427766,5699783.030718283,7354907.399126791,19596339.546373233,21724392.30347434,5927038.502642904,2544364.6775570055,57147042.42917428,51447259.398456,51732653.06122449,46032870.03050621,5414389.367949791,5414389.367949791,2698000000.0,2534900000.0,163100000.0,MODEL2_SHARE_NORMALIZED_TO_DOR,COMPONENT_SHARES_X_EXACT_STATE_CONTROL,ILLUSTRATIVE_NOT_FORECAST
2029,20,0.003168893456663241,0.02122426639872748,0.023144509319559848,0.022024928630564607,0.014170590104271973,0.024765768286957267,8549674.546077425,5306066.59968187,23144509.31955985,16518696.472923456,5668236.04170879,3340902.1419105353,53978410.575784504,45428736.02970708,51732653.06122449,43182978.51514707,2245757.514560014,2245757.514560014,2698000000.0,2534900000.0,163100000.0,MODEL2_SHARE_NORMALIZED_TO_DOR,COMPONENT_SHARES_X_EXACT_STATE_CONTROL,ILLUSTRATIVE_NOT_FORECAST
2029,21,0.015844467283316205,0.017562218006873857,0.019021820495546075,0.016468501187849184,0.018997140463880305,0.02034595289693342,42748372.73038712,4390554.501718464,19021820.495546076,12351375.890886888,7598856.185552122,2744669.0457963184,46107276.11949987,3358903.389112748,51732653.06122449,8984280.330837369,-5625376.941724621,-5625376.941724621,2698000000.0,2534900000.0,163100000.0,MODEL2_SHARE_NORMALIZED_TO_DOR,COMPONENT_SHARES_X_EXACT_STATE_CONTROL,ILLUSTRATIVE_NOT_FORECAST
2029,22,0.006337786913326482,0.022948097944235274,0.018201212665618683,0.01792988290520144,0.020747523179573093,0.018955942928642302,17099349.09215485,5737024.486058818,18201212.665618684,13447412.17890108,8299009.271829237,2557156.7010738463,48241815.30348167,31142466.21132682,51732653.06122449,34633303.969069645,-3490837.757742822,-3490837.757742826,2698000000.0,2534900000.0,163100000.0,MODEL2_SHARE_NORMALIZED_TO_DOR,COMPONENT_SHARES_X_EXACT_STATE_CONTROL,ILLUSTRATIVE_NOT_FORECAST
2029,23,0.009506680369989723,0.0170000035950515,0.01777734111834718,0.014937227301406166,0.01597874122642327,0.019665981298468214,25649023.638232272,4250000.898762875,17777341.118347183,11202920.476054626,6391496.490569308,2652940.877163362,42274699.860897355,16625676.222665083,51732653.06122449,26083629.42299222,-9457953.200327136,-9457953.200327136,2698000000.0,2534900000.0,163100000.0,MODEL2_SHARE_NORMALIZED_TO_DOR,COMPONENT_SHARES_X_EXACT_STATE_CONTROL,ILLUSTRATIVE_NOT_FORECAST
2029,24,0.003168893456663241,0.030118831888243727,0.015756231753873792,0.025171982389714923,0.010470523670604547,0.014411234796043212,8549674.546077425,7529707.972060932,15756231.753873792,18878986.79228619,4188209.4682418187,1944075.5739862293,48297211.56044897,39747537.014371544,51732653.06122449,43182978.51514707,-3435441.5007755235,-3435441.5007755235,2698000000.0,2534900000.0,163100000.0,MODEL2_SHARE_NORMALIZED_TO_DOR,COMPONENT_SHARES_X_EXACT_STATE_CONTROL,ILLUSTRATIVE_NOT_FORECAST
2029,25,0.005281489094438735,0.01548370852375253,0.024081143798188487,0.01885118877048873,0.017119667253978798,0.022513073263470493,14249457.576795707,3870927.1309381323,24081143.798188485,14138391.577866547,6847866.901591519,3037013.5832421696,51975342.99182685,37725885.41503114,51732653.06122449,37483195.484428786,242689.9306023568,242689.9306023568,2698000000.0,2534900000.0,163100000.0,MODEL2_SHARE_NORMALIZED_TO_DOR,COMPONENT_SHARES_X_EXACT_STATE_CONTROL,ILLUSTRATIVE_NOT_FORECAST
2029,26,0.009506680369989723,0.01693207013288637,0.018804738378621153,0.015701593477916935,0.014147482741688571,0.017901293102451366,25649023.638232272,4233017.533221592,18804738.378621154,11776195.108437702,5658993.096675429,2414884.439520689,42887828.55647656,17238804.91824429,51732653.06122449,26083629.42299222,-8844824.504747927,-8844824.504747927,2698000000.0,2534900000.0,163100000.0,MODEL2_SHARE_NORMALIZED_TO_DOR,COMPONENT_SHARES_X_EXACT_STATE_CONTROL,ILLUSTRATIVE_NOT_FORECAST
2029,27,0.008450382551101976,0.02578561098962732,0.017371247847892807,0.022240323588035224,0.019892550763987174,0.018477187415437205,22799132.12287313,6446402.74740683,17371247.847892806,16680242.691026418,7957020.30559487,2492572.582342479,50947486.174263395,28148354.051390264,51732653.06122449,28933520.93835136,-785166.886961095,-785166.886961095,2698000000.0,2534900000.0,163100000.0,MODEL2_SHARE_NORMALIZED_TO_DOR,COMPONENT_SHARES_X_EXACT_STATE_CONTROL,ILLUSTRATIVE_NOT_FORECAST
2029,28,0.007394084732214229,0.021267121164412137,0.01938206452578786,0.018008035057912018,0.022200398602004564,0.024256946002391463,19949240.60751399,5316780.291103034,19382064.52578786,13506026.293434013,8880159.440801825,3272262.015722608,50357292.56684934,30408051.959335353,51732653.06122449,31783412.4537105,-1375360.494375147,-1375360.494375147,2698000000.0,2534900000.0,163100000.0,MODEL2_SHARE_NORMALIZED_TO_DOR,COMPONENT_SHARES_X_EXACT_STATE_CONTROL,ILLUSTRATIVE_NOT_FORECAST
2029,29,0.002112595637775494,0.022483055610932286,0.021777453402200764,0.031875912172229556,0.017059010427197367,0.023054275147963207,5699783.030718283,5620763.902733072,21777453.402200766,23906934.12917217,6823604.170878947,3110021.7174602365,61238777.32244519,55538994.29172691,51732653.06122449,46032870.03050621,9506124.261220701,9506124.261220701,2698000000.0,2534900000.0,163100000.0,MODEL2_SHARE_NORMALIZED_TO_DOR,COMPONENT_SHARES_X_EXACT_STATE_CONTROL,ILLUSTRATIVE_NOT_FORECAST
2029,30,0.005281489094438735,0.019143382328815888,0.022893742046560372,0.028149388792981303,0.018119060685710984,0.02353765631830072,14249457.576795707,4785845.582203972,22893742.046560373,21112041.594735976,7247624.2742843935,3175229.837338767,59214483.33512349,44965025.75832778,51732653.06122449,37483195.484428786,7481830.273898996,7481830.273898996,2698000000.0,2534900000.0,163100000.0,MODEL2_SHARE_NORMALIZED_TO_DOR,COMPONENT_SHARES_X_EXACT_STATE_CONTROL,ILLUSTRATIVE_NOT_FORECAST
2029,31,0.006337786913326482,0.012673619741563759,0.025051463432891684,0.015249835912248476,0.015912307558995985,0.023940088488820944,17099349.09215485,3168404.93539094,25051463.432891686,11437376.934186358,6364923.023598394,3229517.937141945,49251686.26320933,32152337.17105448,51732653.06122449,34633303.969069645,-2480966.7980151623,-2480966.798015166,2698000000.0,2534900000.0,163100000.0,MODEL2_SHARE_NORMALIZED_TO_DOR,COMPONENT_SHARES_X_EXACT_STATE_CONTROL,ILLUSTRATIVE_NOT_FORECAST
2029,32,0.012675573826652964,0.021482076408800576,0.017475110412456023,0.018891853305232447,0.020894832616042285,0.019943520726413196,34198698.1843097,5370519.102200144,17475110.412456024,14168889.978924336,8357933.046416914,2690380.9459931403,48062833.48599056,13864135.301680863,51732653.06122449,17533954.87691479,-3669819.575233929,-3669819.575233929,2698000000.0,2534900000.0,163100000.0,MODEL2_SHARE_NORMALIZED_TO_DOR,COMPONENT_SHARES_X_EXACT_STATE_CONTROL,ILLUSTRATIVE_NOT_FORECAST
2029,33,0.004225191275550988,0.02213543120602255,0.020110973875290067,0.027581356073280033,0.01997631495335201,0.023068152119360457,11399566.061436566,5533857.801505637,20110973.875290066,20686017.054960024,7990525.981340804,3111893.720901726,57433268.43399826,46033702.37256169,51732653.06122449,40333086.99978793,5700615.3727737665,5700615.3727737665,2698000000.0,2534900000.0,163100000.0,MODEL2_SHARE_NORMALIZED_TO_DOR,COMPONENT_SHARES_X_EXACT_STATE_CONTROL,ILLUSTRATIVE_NOT_FORECAST
2029,34,0.037998172890259224,0.018600973835004773,0.016374728647353842,0.01892171632293486,0.019366858265214754,0.02025806541141751,102519070.45791939,4650243.458751193,16374728.647353843,14191287.242201146,7746743.306085901,2732813.024000222,45695815.6783923,-56823254.77952709,51732653.06122449,-50786417.3966949,-6036837.382832192,-6036837.382832192,2698000000.0,2534900000.0,163100000.0,MODEL2_SHARE_NORMALIZED_TO_DOR,COMPONENT_SHARES_X_EXACT_STATE_CONTROL,ILLUSTRATIVE_NOT_FORECAST
2029,35,0.002112595637775494,0.017045222984850315,0.022093719589789656,0.02078402493752593,0.014664509979492216,0.018935127471546426,5699783.030718283,4261305.746212578,22093719.589789655,15588018.703144448,5865803.991796887,2554348.695911613,50363196.72685519,44663413.69613691,51732653.06122449,46032870.03050621,-1369456.3343693018,-1369456.3343693018,2698000000.0,2534900000.0,163100000.0,MODEL2_SHARE_NORMALIZED_TO_DOR,COMPONENT_SHARES_X_EXACT_STATE_CONTROL,ILLUSTRATIVE_NOT_FORECAST
2029,36,0.07602489437021812,0.015842634786146673,0.010466726551388576,0.0070699105952080656,0.01814216804829439,0.01612272793503727,205115165.01084846,3960658.696536668,10466726.551388577,5302432.946406049,7256867.219317756,2174955.998436528,29161641.412085578,-175953523.59876287,51732653.06122449,-153382511.94962397,-22571011.649138913,-22571011.649138898,2698000000.0,2534900000.0,163100000.0,MODEL2_SHARE_NORMALIZED_TO_DOR,COMPONENT_SHARES_X_EXACT_STATE_CONTROL,ILLUSTRATIVE_NOT_FORECAST
2029,37,0.02746374329108142,0.025021935830218264,0.0159461786061831,0.022523069181175116,0.026902746887727102,0.018937440300112636,74097179.39933768,6255483.957554566,15946178.606183099,16892301.88588134,10761098.75509084,2554660.6964851944,52409723.901195034,-21687455.498142645,51732653.06122449,-22364526.33811319,677070.839970544,677070.839970544,2698000000.0,2534900000.0,163100000.0,MODEL2_SHARE_NORMALIZED_TO_DOR,COMPONENT_SHARES_X_EXACT_STATE_CONTROL,ILLUSTRATIVE_NOT_FORECAST
2029,38,0.004225191275550988,0.021498237471920787,0.018997492327270004,0.02401367853287442,0.018829612085150632,0.020306634811307882,11399566.061436566,5374559.367980197,18997492.327270005,18010258.899655815,7531844.834060253,2739365.0360454335,52653520.4650117,41253954.40357514,51732653.06122449,40333086.99978793,920867.4037872106,920867.4037872106,2698000000.0,2534900000.0,163100000.0,MODEL2_SHARE_NORMALIZED_TO_DOR,COMPONENT_SHARES_X_EXACT_STATE_CONTROL,ILLUSTRATIVE_NOT_FORECAST
2029,39,0.003168893456663241,0.015780216795967143,0.022482034583426902,0.018420398855547502,0.014892695185003321,0.023597789861022133,8549674.546077425,3945054.1989917858,22482034.5834269,13815299.141660627,5957078.074001328,3183341.852251886,49382807.85033253,40833133.304255106,51732653.06122449,43182978.51514707,-2349845.210891962,-2349845.210891962,2698000000.0,2534900000.0,163100000.0,MODEL2_SHARE_NORMALIZED_TO_DOR,COMPONENT_SHARES_X_EXACT_STATE_CONTROL,ILLUSTRATIVE_NOT_FORECAST
2029,40,0.006337786913326482,0.024352981428935286,0.016894041470169922,0.018604024645249587,0.04302590913029664,0.014316408824828677,17099349.09215485,6088245.357233821,16894041.470169924,13953018.48393719,17210363.652118657,1931283.5504693885,56076952.51392899,38977603.421774134,51732653.06122449,34633303.969069645,4344299.452704497,4344299.452704489,2698000000.0,2534900000.0,163100000.0,MODEL2_SHARE_NORMALIZED_TO_DOR,COMPONENT_SHARES_X_EXACT_STATE_CONTROL,ILLUSTRATIVE_NOT_FORECAST
2029,41,0.1224734498115793,0.010184205633193309,0.024151321206677148,0.00745876520869484,0.01520753300020219,0.016485842019931956,330433367.59164095,2546051.408298327,24151321.206677146,5594073.90652113,6083013.200080876,2223940.088488821,40598399.8100663,-289834967.78157467,51732653.06122449,-278700714.5304165,-11134253.251158193,-11134253.251158178,2698000000.0,2534900000.0,163100000.0,MODEL2_SHARE_NORMALIZED_TO_DOR,COMPONENT_SHARES_X_EXACT_STATE_CONTROL,ILLUSTRATIVE_NOT_FORECAST
2029,42,0.007394084732214229,0.026814858263691566,0.019254809491728423,0.023650874636957836,0.02005141388174807,0.019524898755929516,19949240.60751399,6703714.565922892,19254809.49172842,17738155.977718376,8020565.552699229,2633908.842174892,54351154.43024381,34401913.822729826,51732653.06122449,31783412.4537105,2618501.369019322,2618501.369019326,2698000000.0,2534900000.0,163100000.0,MODEL2_SHARE_NORMALIZED_TO_DOR,COMPONENT_SHARES_X_EXACT_STATE_CONTROL,ILLUSTRATIVE_NOT_FORECAST
2029,43,0.08870046819687108,0.02309403119327982,0.004277079122688824,0.009467211995021136,0.05122035758643598,0.006714141327702367,239313863.19515818,5773507.798319955,4277079.122688824,7100408.996265852,20488143.03457439,905737.6651070493,38544876.61695607,-200768986.57820213,51732653.06122449,-187581210.1339337,-13187776.44426842,-13187776.444268435,2698000000.0,2534900000.0,163100000.0,MODEL2_SHARE_NORMALIZED_TO_DOR,COMPONENT_SHARES_X_EXACT_STATE_CONTROL,ILLUSTRATIVE_NOT_FORECAST
2029,44,0.0179570629210917,0.011556140671747726,0.02253817651021783,0.010341499492011007,0.01654198318939372,0.023033459690867335,48448155.7611054,2889035.1679369314,22538176.51021783,7756124.619008255,6616793.275757488,3107213.7122980035,42907343.28521851,-5540812.475886896,51732653.06122449,3284497.300119087,-8825309.776005983,-8825309.776005983,2698000000.0,2534900000.0,163100000.0,MODEL2_SHARE_NORMALIZED_TO_DOR,COMPONENT_SHARES_X_EXACT_STATE_CONTROL,ILLUSTRATIVE_NOT_FORECAST
2029,45,0.10134749343382436,0.010681403076963702,0.02207313421663298,0.008620245982312199,0.017394067184656713,0.021102247838083496,273435537.2844581,2670350.7692409256,22073134.21663298,6465184.486734149,6957626.873862685,2846693.2333574635,41012989.57982821,-232422547.7046299,51732653.06122449,-221702884.2232336,-10719663.48139628,-10719663.481396288,2698000000.0,2534900000.0,163100000.0,MODEL2_SHARE_NORMALIZED_TO_DOR,COMPONENT_SHARES_X_EXACT_STATE_CONTROL,ILLUSTRATIVE_NOT_FORECAST
2029,46,0.05067374671691218,0.020834759468543518,0.011059023879032862,0.011564612451099309,0.04912625285231507,0.017915170073848616,136717768.64222905,5208689.86713588,11059023.879032861,8673459.338324482,19650501.140926026,2416756.4429621785,47008430.66838142,-89709337.97384763,51732653.06122449,-84985115.58100456,-4724222.392843068,-4724222.392843068,2698000000.0,2534900000.0,163100000.0,MODEL2_SHARE_NORMALIZED_TO_DOR,COMPONENT_SHARES_X_EXACT_STATE_CONTROL,ILLUSTRATIVE_NOT_FORECAST
2029,47,0.019013360739979446,0.014489176170761217,0.023562766674152257,0.024195398172510395,0.020894832616042285,0.02157175203702376,51298047.276464544,3622294.042690304,23562766.67415226,18146548.629382797,8357933.046416914,2910029.349794505,56599571.74243678,5301524.465972237,51732653.06122449,434605.78475994617,4866918.681212291,4866918.681212291,2698000000.0,2534900000.0,163100000.0,MODEL2_SHARE_NORMALIZED_TO_DOR,COMPONENT_SHARES_X_EXACT_STATE_CONTROL,ILLUSTRATIVE_NOT_FORECAST
2029,48,0.13726161927600777,0.014794388962493202,0.01646268433265963,0.008591018347965154,0.019202218306808006,0.0179961190736659,370331848.806669,3698597.2406233004,16462684.33265963,6443263.760973865,7680887.322723202,2427676.46303753,36713109.12001753,-333618739.68665147,51732653.06122449,-318599195.74544454,-15019543.941206962,-15019543.941206932,2698000000.0,2534900000.0,163100000.0,MODEL2_SHARE_NORMALIZED_TO_DOR,COMPONENT_SHARES_X_EXACT_STATE_CONTROL,ILLUSTRATIVE_NOT_FORECAST
2029,49,0.009506680369989723,0.026411535578027893,0.02051987424208399,0.02691610970020707,0.016409115854539153,0.020017531240531856,25649023.638232272,6602883.894506973,20519874.24208399,20187082.275155302,6563646.341815662,2700364.9643477476,56573851.71790968,30924828.079677407,51732653.06122449,26083629.42299222,4841198.656685188,4841198.656685188,2698000000.0,2534900000.0,163100000.0,MODEL2_SHARE_NORMALIZED_TO_DOR,COMPONENT_SHARES_X_EXACT_STATE_CONTROL,ILLUSTRATIVE_NOT_FORECAST
2030,1,0.023238552015530434,0.011690864819437635,0.020087581405793847,0.009619704000310068,0.018396349036711824,0.02338038397579856,86726276.12195958,2922716.2048594085,20087581.405793846,7214778.00023255,7358539.61468473,4362779.649884012,41946394.875454545,-44779881.24650504,52787755.10204082,-33938521.01991876,-10841360.226586275,-10841360.226586275,3732000000.0,2586600000.0,1145400000.0,MODEL2_SHARE_NORMALIZED_TO_DOR,COMPONENT_SHARES_X_EXACT_STATE_CONTROL,ILLUSTRATIVE_NOT_FORECAST
2030,2,0.003168893456663241,0.014524688202879372,0.02290871322703795,0.020400253390882122,0.01945062245457959,0.02228641606398209,11826310.380267216,3631172.0507198432,22908713.22703795,15300190.043161592,7780248.981831836,4158645.237539058,53778969.54029028,41952659.16002306,52787755.10204082,40961444.7217736,991214.4382494614,991214.4382494614,3732000000.0,2586600000.0,1145400000.0,MODEL2_SHARE_NORMALIZED_TO_DOR,COMPONENT_SHARES_X_EXACT_STATE_CONTROL,ILLUSTRATIVE_NOT_FORECAST
2030,3,0.006337786913326482,0.03056811065190342,0.018029979788906355,0.02651835971974511,0.02051067271309321,0.017380906675054524,23652620.76053443,7642027.662975855,18029979.788906354,19888769.789808832,8204269.085237284,3243277.185565174,57008323.5124935,33355702.751959067,52787755.10204082,29135134.341506388,4220568.410452679,4220568.410452679,3732000000.0,2586600000.0,1145400000.0,MODEL2_SHARE_NORMALIZED_TO_DOR,COMPONENT_SHARES_X_EXACT_STATE_CONTROL,ILLUSTRATIVE_NOT_FORECAST
2030,4,0.005281489094438735,0.024478160978437403,0.019674002545100683,0.02518913774030993,0.015568585540567864,0.02199268683607365,19710517.30044536,6119540.24460935,19674002.54510068,18891853.305232447,6227434.216227146,4103835.363611343,55016665.674780965,35306148.3743356,52787755.10204082,33077237.80159546,2228910.572740145,2228910.5727401413,3732000000.0,2586600000.0,1145400000.0,MODEL2_SHARE_NORMALIZED_TO_DOR,COMPONENT_SHARES_X_EXACT_STATE_CONTROL,ILLUSTRATIVE_NOT_FORECAST
2030,5,0.06757451181911614,0.010656921613417693,0.02355247398757392,0.009706751519995832,0.012258455850495365,0.020739133753188813,252188078.10894144,2664230.403354423,23552473.987573918,7280063.639996874,4903382.340198146,3869922.3583450327,42270072.7294684,-209918005.37947303,52787755.10204082,-199400323.0069006,-10517682.372572422,-10517682.372572422,3732000000.0,2586600000.0,1145400000.0,MODEL2_SHARE_NORMALIZED_TO_DOR,COMPONENT_SHARES_X_EXACT_STATE_CONTROL,ILLUSTRATIVE_NOT_FORECAST
2030,6,0.005281489094438735,0.026483927465184236,0.02287970656486264,0.02795114918610569,0.018477224805753735,0.022309544349644172,19710517.30044536,6620981.8662960585,22879706.56486264,20963361.88957927,7390889.922301494,4162960.9756436027,62017901.21868307,42307383.918237716,52787755.10204082,33077237.80159546,9230146.116642252,9230146.116642255,3732000000.0,2586600000.0,1145400000.0,MODEL2_SHARE_NORMALIZED_TO_DOR,COMPONENT_SHARES_X_EXACT_STATE_CONTROL,ILLUSTRATIVE_NOT_FORECAST
2030,7,0.002112595637775494,0.030062320251565706,0.02204319185567782,0.02955549215841632,0.010164351116374455,0.019654417155637174,7884206.920178143,7515580.0628914265,22043191.85567782,22166619.11881224,4065740.446549782,3667514.2412418965,59458645.72517316,51574438.804995015,52787755.10204082,44903548.181862675,6670890.623132341,6670890.623132341,3732000000.0,2586600000.0,1145400000.0,MODEL2_SHARE_NORMALIZED_TO_DOR,COMPONENT_SHARES_X_EXACT_STATE_CONTROL,ILLUSTRATIVE_NOT_FORECAST
2030,8,0.007394084732214229,0.02071905362221616,0.026411969458791824,0.02386626959442845,0.018162386990554866,0.023595477032455923,27594724.2206235,5179763.40555404,26411969.458791826,17899702.195821337,7264954.796221946,4402916.014256275,61159305.87064543,33564581.65002193,52787755.10204082,25193030.88141732,8371550.768604614,8371550.768604614,3732000000.0,2586600000.0,1145400000.0,MODEL2_SHARE_NORMALIZED_TO_DOR,COMPONENT_SHARES_X_EXACT_STATE_CONTROL,ILLUSTRATIVE_NOT_FORECAST
2030,9,0.003168893456663241,0.027883057107484278,0.018551164009282133,0.021285342404913293,0.05992894486005604,0.01955496552729022,11826310.380267216,6970764.276871069,18551164.00928213,15964006.80368497,23971577.944022417,3648956.567392355,69106469.60125294,57280159.220985726,52787755.10204082,40961444.7217736,16318714.499212123,16318714.499212123,3732000000.0,2586600000.0,1145400000.0,MODEL2_SHARE_NORMALIZED_TO_DOR,COMPONENT_SHARES_X_EXACT_STATE_CONTROL,ILLUSTRATIVE_NOT_FORECAST
2030,10,0.005281489094438735,0.02012084994919078,0.01889175836514709,0.017901926037565134,0.015522370815401056,0.01741328627498144,19710517.30044536,5030212.487297695,18891758.36514709,13426444.52817385,6208948.3261604225,3249319.218911537,46806682.9256906,27096165.62524524,52787755.10204082,33077237.80159546,-5981072.176350221,-5981072.176350221,3732000000.0,2586600000.0,1145400000.0,MODEL2_SHARE_NORMALIZED_TO_DOR,COMPONENT_SHARES_X_EXACT_STATE_CONTROL,ILLUSTRATIVE_NOT_FORECAST
2030,11,0.01056297818887747,0.01779661868636704,0.017919567332884197,0.020343068888898773,0.02183356922099304,0.021756778322320414,39421034.60089072,4449154.67159176,17919567.332884196,15257301.66667408,8733427.688397216,4059814.8349449895,50419266.194492236,10998231.593601517,52787755.10204082,13366720.501150101,-2368488.907548584,-2368488.907548584,3732000000.0,2586600000.0,1145400000.0,MODEL2_SHARE_NORMALIZED_TO_DOR,COMPONENT_SHARES_X_EXACT_STATE_CONTROL,ILLUSTRATIVE_NOT_FORECAST
2030,12,0.004225191275550988,0.017369482852868486,0.022834793023429896,0.017790098567019918,0.01359001761936397,0.022455252549315286,15768413.840356287,4342370.713217122,22834793.023429897,13342573.925264938,5436007.047745587,4190150.1257022326,50145894.835359775,34377480.99500349,52787755.10204082,37019341.26168454,-2641860.2666810453,-2641860.2666810453,3732000000.0,2586600000.0,1145400000.0,MODEL2_SHARE_NORMALIZED_TO_DOR,COMPONENT_SHARES_X_EXACT_STATE_CONTROL,ILLUSTRATIVE_NOT_FORECAST
2030,13,0.004225191275550988,0.027668156635497595,0.027139007410734335,0.029761991748911747,0.027645070910718928,0.023572348746793842,15768413.840356287,6917039.158874399,27139007.410734337,22321493.81168381,11058028.364287572,4398600.276151731,71834169.02173185,56065755.18137556,52787755.10204082,37019341.26168454,19046413.919691034,19046413.919691026,3732000000.0,2586600000.0,1145400000.0,MODEL2_SHARE_NORMALIZED_TO_DOR,COMPONENT_SHARES_X_EXACT_STATE_CONTROL,ILLUSTRATIVE_NOT_FORECAST
2030,14,0.003168893456663241,0.028938297870315238,0.03518601691743394,0.0456033695650102,0.01402328066780278,0.027793260880123783,11826310.380267216,7234574.46757881,35186016.91743394,34202527.17375765,5609312.267121112,5186222.480231098,87418653.30612259,75592342.92585537,52787755.10204082,40961444.7217736,34630898.20408177,34630898.20408177,3732000000.0,2586600000.0,1145400000.0,MODEL2_SHARE_NORMALIZED_TO_DOR,COMPONENT_SHARES_X_EXACT_STATE_CONTROL,ILLUSTRATIVE_NOT_FORECAST
2030,15,0.004225191275550988,0.023564604356745317,0.02556703346058837,0.028573189491013454,0.01681349469974871,0.02310284454785358,15768413.840356287,5891151.089186329,25567033.46058837,21429892.11826009,6725397.879899483,4310990.792629478,63924465.34056376,48156051.50020747,52787755.10204082,37019341.26168454,11136710.23852294,11136710.238522932,3732000000.0,2586600000.0,1145400000.0,MODEL2_SHARE_NORMALIZED_TO_DOR,COMPONENT_SHARES_X_EXACT_STATE_CONTROL,ILLUSTRATIVE_NOT_FORECAST
2030,16,0.005281489094438735,0.02187529408359985,0.024912980013474063,0.024853019945318907,0.022650992172380924,0.024895286686664925,19710517.30044536,5468823.520899963,24912980.013474062,18639764.95898918,9060396.86895237,4645460.495731675,62727425.85804725,43016908.557601884,52787755.10204082,33077237.80159546,9939670.756006427,9939670.756006423,3732000000.0,2586600000.0,1145400000.0,MODEL2_SHARE_NORMALIZED_TO_DOR,COMPONENT_SHARES_X_EXACT_STATE_CONTROL,ILLUSTRATIVE_NOT_FORECAST
2030,17,0.011619276007765217,0.017375083387377425,0.022366943633505502,0.01830475908487006,0.01636578954969527,0.018285222644441927,43363138.06097979,4343770.8468443565,22366943.6335055,13728569.313652545,6546315.819878108,3412022.5454528634,50397622.15933337,7034484.09835358,52787755.10204082,9424617.041061029,-2390132.942707449,-2390132.942707449,3732000000.0,2586600000.0,1145400000.0,MODEL2_SHARE_NORMALIZED_TO_DOR,COMPONENT_SHARES_X_EXACT_STATE_CONTROL,ILLUSTRATIVE_NOT_FORECAST
2030,18,0.014788169464428458,0.015562681777314853,0.023443932929111462,0.019585691929297083,0.016261806418069957,0.019298241556441113,55189448.441247,3890670.444328713,23443932.929111462,14689268.946972812,6504722.567227983,3601051.8744319114,52129646.762072876,-3059801.679174125,52787755.10204082,-2401693.3392061815,-658108.3399679437,-658108.3399679437,3732000000.0,2586600000.0,1145400000.0,MODEL2_SHARE_NORMALIZED_TO_DOR,COMPONENT_SHARES_X_EXACT_STATE_CONTROL,ILLUSTRATIVE_NOT_FORECAST
2030,19,0.002112595637775494,0.029419629596507166,0.019596339546373232,0.028965856404632454,0.014817596256607262,0.018861116957427766,7884206.920178143,7354907.399126791,19596339.546373233,21724392.30347434,5927038.502642904,3519484.424256021,58122162.175873294,50237955.25569515,52787755.10204082,44903548.181862675,5334407.073832475,5334407.073832475,3732000000.0,2586600000.0,1145400000.0,MODEL2_SHARE_NORMALIZED_TO_DOR,COMPONENT_SHARES_X_EXACT_STATE_CONTROL,ILLUSTRATIVE_NOT_FORECAST
2030,20,0.003168893456663241,0.02122426639872748,0.023144509319559848,0.022024928630564607,0.014170590104271973,0.024765768286957267,11826310.380267216,5306066.59968187,23144509.31955985,16518696.472923456,5668236.04170879,4621292.362346226,55258800.79622019,43432490.41595297,52787755.10204082,40961444.7217736,2471045.694179371,2471045.694179371,3732000000.0,2586600000.0,1145400000.0,MODEL2_SHARE_NORMALIZED_TO_DOR,COMPONENT_SHARES_X_EXACT_STATE_CONTROL,ILLUSTRATIVE_NOT_FORECAST
2030,21,0.015844467283316205,0.017562218006873857,0.019021820495546075,0.016468501187849184,0.018997140463880305,0.02034595289693342,59131551.901336074,4390554.501718464,19021820.495546076,12351375.890886888,7598856.185552122,3796554.810567776,47159161.88427132,-11972390.01706475,52787755.10204082,-6343796.799295254,-5628593.217769496,-5628593.217769496,3732000000.0,2586600000.0,1145400000.0,MODEL2_SHARE_NORMALIZED_TO_DOR,COMPONENT_SHARES_X_EXACT_STATE_CONTROL,ILLUSTRATIVE_NOT_FORECAST
2030,22,0.006337786913326482,0.022948097944235274,0.018201212665618683,0.01792988290520144,0.020747523179573093,0.018955942928642302,23652620.76053443,5737024.486058818,18201212.665618684,13447412.17890108,8299009.271829237,3537178.9504846535,49221837.55289248,25569216.792358045,52787755.10204082,29135134.341506388,-3565917.5491483435,-3565917.5491483435,3732000000.0,2586600000.0,1145400000.0,MODEL2_SHARE_NORMALIZED_TO_DOR,COMPONENT_SHARES_X_EXACT_STATE_CONTROL,ILLUSTRATIVE_NOT_FORECAST
2030,23,0.009506680369989723,0.0170000035950515,0.01777734111834718,0.014937227301406166,0.01597874122642327,0.019665981298468214,35478931.140801646,4250000.898762875,17777341.118347183,11202920.476054626,6391496.490569308,3669672.110294169,43291431.09402816,7812499.953226514,52787755.10204082,17308823.961239174,-9496324.00801266,-9496324.00801266,3732000000.0,2586600000.0,1145400000.0,MODEL2_SHARE_NORMALIZED_TO_DOR,COMPONENT_SHARES_X_EXACT_STATE_CONTROL,ILLUSTRATIVE_NOT_FORECAST
2030,24,0.003168893456663241,0.030118831888243727,0.015756231753873792,0.025171982389714923,0.010470523670604547,0.014411234796043212,11826310.380267216,7529707.972060932,15756231.753873792,18878986.79228619,4188209.4682418187,2689136.4129416635,49042272.3994044,37215962.01913718,52787755.10204082,40961444.7217736,-3745482.7026364207,-3745482.7026364207,3732000000.0,2586600000.0,1145400000.0,MODEL2_SHARE_NORMALIZED_TO_DOR,COMPONENT_SHARES_X_EXACT_STATE_CONTROL,ILLUSTRATIVE_NOT_FORECAST
2030,25,0.005281489094438735,0.01548370852375253,0.024081143798188487,0.01885118877048873,0.017119667253978798,0.022513073263470493,19710517.30044536,3870927.1309381323,24081143.798188485,14138391.577866547,6847866.901591519,4200939.4709635945,53139268.879548274,33428751.579102915,52787755.10204082,33077237.80159546,351513.77750745416,351513.77750745416,3732000000.0,2586600000.0,1145400000.0,MODEL2_SHARE_NORMALIZED_TO_DOR,COMPONENT_SHARES_X_EXACT_STATE_CONTROL,ILLUSTRATIVE_NOT_FORECAST
2030,26,0.009506680369989723,0.01693207013288637,0.018804738378621153,0.015701593477916935,0.014147482741688571,0.017901293102451366,35478931.140801646,4233017.533221592,18804738.378621154,11776195.108437702,5658993.096675429,3340381.292917425,43813325.4098733,8334394.2690716535,52787755.10204082,17308823.961239174,-8974429.69216752,-8974429.69216752,3732000000.0,2586600000.0,1145400000.0,MODEL2_SHARE_NORMALIZED_TO_DOR,COMPONENT_SHARES_X_EXACT_STATE_CONTROL,ILLUSTRATIVE_NOT_FORECAST
2030,27,0.008450382551101976,0.02578561098962732,0.017371247847892807,0.022240323588035224,0.019892550763987174,0.018477187415437205,31536827.680712573,6446402.74740683,17371247.847892806,16680242.691026418,7957020.30559487,3447843.1717205825,51902756.7636415,20365929.082928926,52787755.10204082,21250927.421328247,-884998.3383993208,-884998.3383993208,3732000000.0,2586600000.0,1145400000.0,MODEL2_SHARE_NORMALIZED_TO_DOR,COMPONENT_SHARES_X_EXACT_STATE_CONTROL,ILLUSTRATIVE_NOT_FORECAST
2030,28,0.007394084732214229,0.021267121164412137,0.01938206452578786,0.018008035057912018,0.022200398602004564,0.024256946002391463,27594724.2206235,5316780.291103034,19382064.52578786,13506026.293434013,8880159.440801825,4526346.124046247,51611376.675172985,24016652.454549484,52787755.10204082,25193030.88141732,-1176378.4268678352,-1176378.4268678352,3732000000.0,2586600000.0,1145400000.0,MODEL2_SHARE_NORMALIZED_TO_DOR,COMPONENT_SHARES_X_EXACT_STATE_CONTROL,ILLUSTRATIVE_NOT_FORECAST
2030,29,0.002112595637775494,0.022483055610932286,0.021777453402200764,0.031875912172229556,0.017059010427197367,0.023054275147963207,7884206.920178143,5620763.902733072,21777453.402200766,23906934.12917217,6823604.170878947,4301927.742609934,62430683.34759489,54546476.42741674,52787755.10204082,44903548.181862675,9642928.245554067,9642928.245554067,3732000000.0,2586600000.0,1145400000.0,MODEL2_SHARE_NORMALIZED_TO_DOR,COMPONENT_SHARES_X_EXACT_STATE_CONTROL,ILLUSTRATIVE_NOT_FORECAST
2030,30,0.005281489094438735,0.019143382328815888,0.022893742046560372,0.028149388792981303,0.018119060685710984,0.02353765631830072,19710517.30044536,4785845.582203972,22893742.046560373,21112041.594735976,7247624.2742843935,4392126.668994915,60431380.16677964,40720862.866334274,52787755.10204082,33077237.80159546,7643625.0647388175,7643625.064738814,3732000000.0,2586600000.0,1145400000.0,MODEL2_SHARE_NORMALIZED_TO_DOR,COMPONENT_SHARES_X_EXACT_STATE_CONTROL,ILLUSTRATIVE_NOT_FORECAST
2030,31,0.006337786913326482,0.012673619741563759,0.025051463432891684,0.015249835912248476,0.015912307558995985,0.023940088488820944,23652620.76053443,3168404.93539094,25051463.432891686,11437376.934186358,6364923.023598394,4467220.512013989,50489388.83808137,26836768.077546936,52787755.10204082,29135134.341506388,-2298366.2639594525,-2298366.2639594525,3732000000.0,2586600000.0,1145400000.0,MODEL2_SHARE_NORMALIZED_TO_DOR,COMPONENT_SHARES_X_EXACT_STATE_CONTROL,ILLUSTRATIVE_NOT_FORECAST
2030,32,0.012675573826652964,0.021482076408800576,0.017475110412456023,0.018891853305232447,0.020894832616042285,0.019943520726413196,47305241.52106886,5370519.102200144,17475110.412456024,14168889.978924336,8357933.046416914,3721460.9675487024,49093913.50754613,1788671.9864772633,52787755.10204082,5482513.580971956,-3693841.594494693,-3693841.594494693,3732000000.0,2586600000.0,1145400000.0,MODEL2_SHARE_NORMALIZED_TO_DOR,COMPONENT_SHARES_X_EXACT_STATE_CONTROL,ILLUSTRATIVE_NOT_FORECAST
2030,33,0.004225191275550988,0.02213543120602255,0.020110973875290067,0.027581356073280033,0.01997631495335201,0.023068152119360457,15768413.840356287,5533857.801505637,20110973.875290066,20686017.054960024,7990525.981340804,4304517.185472662,58625891.89856919,42857478.058212906,52787755.10204082,37019341.26168454,5838136.796528369,5838136.796528369,3732000000.0,2586600000.0,1145400000.0,MODEL2_SHARE_NORMALIZED_TO_DOR,COMPONENT_SHARES_X_EXACT_STATE_CONTROL,ILLUSTRATIVE_NOT_FORECAST
2030,34,0.037998172890259224,0.018600973835004773,0.016374728647353842,0.01892171632293486,0.019366858265214754,0.02025806541141751,141809181.22644743,4650243.458751193,16374728.647353843,14191287.242201146,7746743.306085901,3780155.0057705073,46743157.66016258,-95066023.56628485,52787755.10204082,-89021426.1244066,-6044597.441878237,-6044597.441878244,3732000000.0,2586600000.0,1145400000.0,MODEL2_SHARE_NORMALIZED_TO_DOR,COMPONENT_SHARES_X_EXACT_STATE_CONTROL,ILLUSTRATIVE_NOT_FORECAST
2030,35,0.002112595637775494,0.017045222984850315,0.022093719589789656,0.02078402493752593,0.014664509979492216,0.018935127471546426,7884206.920178143,4261305.746212578,22093719.589789655,15588018.703144448,5865803.991796887,3533294.7861905633,51342142.817134134,43457935.89695599,52787755.10204082,44903548.181862675,-1445612.2849066854,-1445612.2849066854,3732000000.0,2586600000.0,1145400000.0,MODEL2_SHARE_NORMALIZED_TO_DOR,COMPONENT_SHARES_X_EXACT_STATE_CONTROL,ILLUSTRATIVE_NOT_FORECAST
2030,36,0.07602489437021812,0.015842634786146673,0.010466726551388576,0.0070699105952080656,0.01814216804829439,0.01612272793503727,283724905.789654,3960658.696536668,10466726.551388577,5302432.946406049,7256867.219317756,3008501.0326779545,29995186.446327005,-253729719.34332702,52787755.10204082,-230937150.6876132,-22792568.655713815,-22792568.655713826,3732000000.0,2586600000.0,1145400000.0,MODEL2_SHARE_NORMALIZED_TO_DOR,COMPONENT_SHARES_X_EXACT_STATE_CONTROL,ILLUSTRATIVE_NOT_FORECAST
2030,37,0.02746374329108142,0.025021935830218264,0.0159461786061831,0.022523069181175116,0.026902746887727102,0.018937440300112636,102494689.96231587,6255483.957554566,15946178.606183099,16892301.88588134,10761098.75509084,3533726.360001018,53388789.56471086,-49105900.39760501,52787755.10204082,-49706934.86027505,601034.4626700431,601034.4626700431,3732000000.0,2586600000.0,1145400000.0,MODEL2_SHARE_NORMALIZED_TO_DOR,COMPONENT_SHARES_X_EXACT_STATE_CONTROL,ILLUSTRATIVE_NOT_FORECAST
2030,38,0.004225191275550988,0.021498237471920787,0.018997492327270004,0.02401367853287442,0.018829612085150632,0.020306634811307882,15768413.840356287,5374559.367980197,18997492.327270005,18010258.899655815,7531844.834060253,3789218.055790051,53703373.48475632,37934959.64440003,52787755.10204082,37019341.26168454,915618.3827155009,915618.3827154934,3732000000.0,2586600000.0,1145400000.0,MODEL2_SHARE_NORMALIZED_TO_DOR,COMPONENT_SHARES_X_EXACT_STATE_CONTROL,ILLUSTRATIVE_NOT_FORECAST
2030,39,0.003168893456663241,0.015780216795967143,0.022482034583426902,0.018420398855547502,0.014892695185003321,0.023597789861022133,11826310.380267216,3945054.1989917858,22482034.5834269,13815299.141660627,5957078.074001328,4403347.58806673,50602813.58614737,38776503.20588015,52787755.10204082,40961444.7217736,-2184941.515893452,-2184941.515893452,3732000000.0,2586600000.0,1145400000.0,MODEL2_SHARE_NORMALIZED_TO_DOR,COMPONENT_SHARES_X_EXACT_STATE_CONTROL,ILLUSTRATIVE_NOT_FORECAST
2030,40,0.006337786913326482,0.024352981428935286,0.016894041470169922,0.018604024645249587,0.04302590913029664,0.014316408824828677,23652620.76053443,6088245.357233821,16894041.470169924,13953018.48393719,17210363.652118657,2671441.886713031,56817110.850172624,33164490.089638192,52787755.10204082,29135134.341506388,4029355.748131804,4029355.748131804,3732000000.0,2586600000.0,1145400000.0,MODEL2_SHARE_NORMALIZED_TO_DOR,COMPONENT_SHARES_X_EXACT_STATE_CONTROL,ILLUSTRATIVE_NOT_FORECAST
2030,41,0.1224734498115793,0.010184205633193309,0.024151321206677148,0.00745876520869484,0.01520753300020219,0.016485842019931956,457070914.69681394,2546051.408298327,24151321.206677146,5594073.90652113,6083013.200080876,3076258.120919303,41450717.84249678,-415620196.8543172,52787755.10204082,-404283159.5947731,-11337037.259544037,-11337037.259544075,3732000000.0,2586600000.0,1145400000.0,MODEL2_SHARE_NORMALIZED_TO_DOR,COMPONENT_SHARES_X_EXACT_STATE_CONTROL,ILLUSTRATIVE_NOT_FORECAST
2030,42,0.007394084732214229,0.026814858263691566,0.019254809491728423,0.023650874636957836,0.02005141388174807,0.019524898755929516,27594724.2206235,6703714.565922892,19254809.49172842,17738155.977718376,8020565.552699229,3643346.107856448,55360591.69592536,27765867.47530186,52787755.10204082,25193030.88141732,2572836.5938845426,2572836.5938845426,3732000000.0,2586600000.0,1145400000.0,MODEL2_SHARE_NORMALIZED_TO_DOR,COMPONENT_SHARES_X_EXACT_STATE_CONTROL,ILLUSTRATIVE_NOT_FORECAST
2030,43,0.08870046819687108,0.02309403119327982,0.004277079122688824,0.009467211995021136,0.05122035758643598,0.006714141327702367,331030147.3107229,5773507.798319955,4277079.122688824,7100408.996265852,20488143.03457439,1252858.7717492618,38891997.72359829,-292138149.5871246,52787755.10204082,-278242392.20868206,-13895757.378442533,-13895757.378442526,3732000000.0,2586600000.0,1145400000.0,MODEL2_SHARE_NORMALIZED_TO_DOR,COMPONENT_SHARES_X_EXACT_STATE_CONTROL,ILLUSTRATIVE_NOT_FORECAST
2030,44,0.0179570629210917,0.011556140671747726,0.02253817651021783,0.010341499492011007,0.01654198318939372,0.023033459690867335,67015758.82151422,2889035.1679369314,22538176.51021783,7756124.619008255,6616793.275757488,4298043.578315845,44098173.15123635,-22917585.67027787,52787755.10204082,-14228003.7194734,-8689581.950804472,-8689581.950804472,3732000000.0,2586600000.0,1145400000.0,MODEL2_SHARE_NORMALIZED_TO_DOR,COMPONENT_SHARES_X_EXACT_STATE_CONTROL,ILLUSTRATIVE_NOT_FORECAST
2030,45,0.10134749343382436,0.010681403076963702,0.02207313421663298,0.008620245982312199,0.017394067184656713,0.021102247838083496,378228845.49503255,2670350.7692409256,22073134.21663298,6465184.486734149,6957626.873862685,3937679.4465863802,42103975.79305712,-336124869.7019754,52787755.10204082,-325441090.3929917,-10683779.308983698,-10683779.308983684,3732000000.0,2586600000.0,1145400000.0,MODEL2_SHARE_NORMALIZED_TO_DOR,COMPONENT_SHARES_X_EXACT_STATE_CONTROL,ILLUSTRATIVE_NOT_FORECAST
2030,46,0.05067374671691218,0.020834759468543518,0.011059023879032862,0.011564612451099309,0.04912625285231507,0.017915170073848616,189114422.74751627,5208689.86713588,11059023.879032861,8673459.338324482,19650501.140926026,3342970.7357801516,47934644.961199395,-141179777.78631687,52787755.10204082,-136326667.64547545,-4853110.140841424,-4853110.140841424,3732000000.0,2586600000.0,1145400000.0,MODEL2_SHARE_NORMALIZED_TO_DOR,COMPONENT_SHARES_X_EXACT_STATE_CONTROL,ILLUSTRATIVE_NOT_FORECAST
2030,47,0.019013360739979446,0.014489176170761217,0.023562766674152257,0.024195398172510395,0.020894832616042285,0.02157175203702376,70957862.28160329,3622294.042690304,23562766.67415226,18146548.629382797,8357933.046416914,4025288.9301086334,57714831.32275091,-13243030.95885238,52787755.10204082,-18170107.17956247,4927076.220710091,4927076.220710091,3732000000.0,2586600000.0,1145400000.0,MODEL2_SHARE_NORMALIZED_TO_DOR,COMPONENT_SHARES_X_EXACT_STATE_CONTROL,ILLUSTRATIVE_NOT_FORECAST
2030,48,0.13726161927600777,0.014794388962493202,0.01646268433265963,0.008591018347965154,0.019202218306808006,0.0179961190736659,512260363.138061,3698597.2406233004,16462684.33265963,6443263.760973865,7680887.322723202,3358075.819146057,37643508.47612606,-474616854.6619349,52787755.10204082,-459472608.03602016,-15144246.62591476,-15144246.625914752,3732000000.0,2586600000.0,1145400000.0,MODEL2_SHARE_NORMALIZED_TO_DOR,COMPONENT_SHARES_X_EXACT_STATE_CONTROL,ILLUSTRATIVE_NOT_FORECAST
2030,49,0.009506680369989723,0.026411535578027893,0.02051987424208399,0.02691610970020707,0.016409115854539153,0.020017531240531856,35478931.140801646,6602883.894506973,20519874.24208399,20187082.275155302,6563646.341815662,3735271.3294832446,57608758.08304517,22129826.942243524,52787755.10204082,17308823.961239174,4821002.98100435,4821002.98100435,3732000000.0,2586600000.0,1145400000.0,MODEL2_SHARE_NORMALIZED_TO_DOR,COMPONENT_SHARES_X_EXACT_STATE_CONTROL,ILLUSTRATIVE_NOT_FORECAST
