legislative_district,census_name,public_k12_enrollment_estimate,public_k12_share,equal_share_1_of_49,k12_low_750m,k12_central_1b,k12_high_1_25b,equal_low_750m,equal_central_1b,equal_high_1_25b,central_difference_from_equal,central_ratio_to_equal
1,Legislative (Senate) District 1 (2024); Washington,21468,0.020087581405793847,0.02040816326530612,15065686.05,20087581.41,25109476.76,15306122.45,20408163.27,25510204.08,-320581.86,0.9842914888838984
2,Legislative (Senate) District 2 (2024); Washington,24483,0.02290871322703795,0.02040816326530612,17181534.92,22908713.23,28635891.53,15306122.45,20408163.27,25510204.08,2500549.96,1.1225269481248596
3,Legislative (Senate) District 3 (2024); Washington,19269,0.018029979788906355,0.02040816326530612,13522484.84,18029979.79,22537474.74,15306122.45,20408163.27,25510204.08,-2378183.48,0.8834690096564114
4,Legislative (Senate) District 4 (2024); Washington,21026,0.019674002545100683,0.02040816326530612,14755501.91,19674002.55,24592503.18,15306122.45,20408163.27,25510204.08,-734160.72,0.9640261247099334
5,Legislative (Senate) District 5 (2024); Washington,25171,0.02355247398757392,0.02040816326530612,17664355.49,23552473.99,29440592.48,15306122.45,20408163.27,25510204.08,3144310.72,1.154071225391122
6,Legislative (Senate) District 6 (2024); Washington,24452,0.02287970656486264,0.02040816326530612,17159779.92,22879706.56,28599633.21,15306122.45,20408163.27,25510204.08,2471543.3,1.1211056216782693
7,Legislative (Senate) District 7 (2024); Washington,23558,0.02204319185567782,0.02040816326530612,16532393.89,22043191.86,27553989.82,15306122.45,20408163.27,25510204.08,1635028.59,1.0801164009282131
8,Legislative (Senate) District 8 (2024); Washington,28227,0.026411969458791824,0.02040816326530612,19808977.09,26411969.46,33014961.82,15306122.45,20408163.27,25510204.08,6003806.19,1.2941865034807996
9,Legislative (Senate) District 9 (2024); Washington,19826,0.018551164009282133,0.02040816326530612,13913373.01,18551164.01,23188955.01,15306122.45,20408163.27,25510204.08,-1856999.26,0.9090070364548244
10,Legislative (Senate) District 10 (2024); Washington,20190,0.01889175836514709,0.02040816326530612,14168818.77,18891758.37,23614697.96,15306122.45,20408163.27,25510204.08,-1516404.9,0.9256961598922074
11,Legislative (Senate) District 11 (2024); Washington,19151,0.017919567332884197,0.02040816326530612,13439675.5,17919567.33,22399459.17,15306122.45,20408163.27,25510204.08,-2488595.93,0.8780587993113256
12,Legislative (Senate) District 12 (2024); Washington,24404,0.022834793023429896,0.02040816326530612,17126094.77,22834793.02,28543491.28,15306122.45,20408163.27,25510204.08,2426629.76,1.118904858148065
13,Legislative (Senate) District 13 (2024); Washington,29004,0.027139007410734335,0.02040816326530612,20354255.56,27139007.41,33923759.26,15306122.45,20408163.27,25510204.08,6730844.15,1.3298113631259825
14,Legislative (Senate) District 14 (2024); Washington,37604,0.03518601691743394,0.02040816326530612,26389512.69,35186016.92,43982521.15,15306122.45,20408163.27,25510204.08,14777853.65,1.724114828954263
15,Legislative (Senate) District 15 (2024); Washington,27324,0.02556703346058837,0.02040816326530612,19175275.1,25567033.46,31958791.83,15306122.45,20408163.27,25510204.08,5158870.2,1.25278463956883
16,Legislative (Senate) District 16 (2024); Washington,26625,0.024912980013474063,0.02040816326530612,18684735.01,24912980.01,31141225.02,15306122.45,20408163.27,25510204.08,4504816.75,1.2207360206602291
17,Legislative (Senate) District 17 (2024); Washington,23904,0.022366943633505502,0.02040816326530612,16775207.73,22366943.63,27958679.54,15306122.45,20408163.27,25510204.08,1958780.37,1.0959802380417696
18,Legislative (Senate) District 18 (2024); Washington,25055,0.023443932929111462,0.02040816326530612,17582949.7,23443932.93,29304916.16,15306122.45,20408163.27,25510204.08,3035769.66,1.1487527135264617
19,Legislative (Senate) District 19 (2024); Washington,20943,0.019596339546373232,0.02040816326530612,14697254.66,19596339.55,24495424.43,15306122.45,20408163.27,25510204.08,-811823.72,0.9602206377722884
20,Legislative (Senate) District 20 (2024); Washington,24735,0.023144509319559848,0.02040816326530612,17358381.99,23144509.32,28930636.65,15306122.45,20408163.27,25510204.08,2736346.05,1.1340809566584327
21,Legislative (Senate) District 21 (2024); Washington,20329,0.019021820495546075,0.02040816326530612,14266365.37,19021820.5,23777275.62,15306122.45,20408163.27,25510204.08,-1386342.77,0.9320692042817578
22,Legislative (Senate) District 22 (2024); Washington,19452,0.018201212665618683,0.02040816326530612,13650909.5,18201212.67,22751515.83,15306122.45,20408163.27,25510204.08,-2206950.6,0.8918594206153155
23,Legislative (Senate) District 23 (2024); Washington,18999,0.01777734111834718,0.02040816326530612,13333005.84,17777341.12,22221676.4,15306122.45,20408163.27,25510204.08,-2630822.15,0.871089714799012
24,Legislative (Senate) District 24 (2024); Washington,16839,0.015756231753873792,0.02040816326530612,11817173.82,15756231.75,19695289.69,15306122.45,20408163.27,25510204.08,-4651931.51,0.7720553559398158
25,Legislative (Senate) District 25 (2024); Washington,25736,0.024081143798188487,0.02040816326530612,18060857.85,24081143.8,30101429.75,15306122.45,20408163.27,25510204.08,3672980.53,1.1799760461112359
26,Legislative (Senate) District 26 (2024); Washington,20097,0.018804738378621153,0.02040816326530612,14103553.78,18804738.38,23505922.97,15306122.45,20408163.27,25510204.08,-1603424.89,0.9214321805524365
27,Legislative (Senate) District 27 (2024); Washington,18565,0.017371247847892807,0.02040816326530612,13028435.89,17371247.85,21714059.81,15306122.45,20408163.27,25510204.08,-3036915.42,0.8511911445467475
28,Legislative (Senate) District 28 (2024); Washington,20714,0.01938206452578786,0.02040816326530612,14536548.39,19382064.53,24227580.66,15306122.45,20408163.27,25510204.08,-1026098.74,0.9497211617636051
29,Legislative (Senate) District 29 (2024); Washington,23274,0.021777453402200764,0.02040816326530612,16333090.05,21777453.4,27221816.75,15306122.45,20408163.27,25510204.08,1369290.14,1.0670952167078376
30,Legislative (Senate) District 30 (2024); Washington,24467,0.022893742046560372,0.02040816326530612,17170306.53,22893742.05,28617177.56,15306122.45,20408163.27,25510204.08,2485578.78,1.1217933602814583
31,Legislative (Senate) District 31 (2024); Washington,26773,0.025051463432891684,0.02040816326530612,18788597.57,25051463.43,31314329.29,15306122.45,20408163.27,25510204.08,4643300.17,1.2275217082116925
32,Legislative (Senate) District 32 (2024); Washington,18676,0.017475110412456023,0.02040816326530612,13106332.81,17475110.41,21843888.02,15306122.45,20408163.27,25510204.08,-2933052.85,0.8562804102103452
33,Legislative (Senate) District 33 (2024); Washington,21493,0.020110973875290067,0.02040816326530612,15083230.41,20110973.88,25138717.34,15306122.45,20408163.27,25510204.08,-297189.39,0.9854377198892132
34,Legislative (Senate) District 34 (2024); Washington,17500,0.016374728647353842,0.02040816326530612,12281046.49,16374728.65,20468410.81,15306122.45,20408163.27,25510204.08,-4033434.62,0.8023617037203383
35,Legislative (Senate) District 35 (2024); Washington,23612,0.022093719589789656,0.02040816326530612,16570289.69,22093719.59,27617149.49,15306122.45,20408163.27,25510204.08,1685556.32,1.082592259899693
36,Legislative (Senate) District 36 (2024); Washington,11186,0.010466726551388576,0.02040816326530612,7850044.91,10466726.55,13083408.19,15306122.45,20408163.27,25510204.08,-9941436.71,0.5128696010180402
37,Legislative (Senate) District 37 (2024); Washington,17042,0.0159461786061831,0.02040816326530612,11959633.95,15946178.61,19932723.26,15306122.45,20408163.27,25510204.08,-4461984.66,0.7813627517029719
38,Legislative (Senate) District 38 (2024); Washington,20303,0.018997492327270004,0.02040816326530612,14248119.25,18997492.33,23746865.41,15306122.45,20408163.27,25510204.08,-1410670.94,0.9308771240362302
39,Legislative (Senate) District 39 (2024); Washington,24027,0.022482034583426902,0.02040816326530612,16861525.94,22482034.58,28102543.23,15306122.45,20408163.27,25510204.08,2073871.32,1.1016196945879182
40,Legislative (Senate) District 40 (2024); Washington,18055,0.016894041470169922,0.02040816326530612,12670531.1,16894041.47,21117551.84,15306122.45,20408163.27,25510204.08,-3514121.8,0.8278080320383263
41,Legislative (Senate) District 41 (2024); Washington,25811,0.024151321206677148,0.02040816326530612,18113490.91,24151321.21,30189151.51,15306122.45,20408163.27,25510204.08,3743157.94,1.18341473912718
42,Legislative (Senate) District 42 (2024); Washington,20578,0.019254809491728423,0.02040816326530612,14441107.12,19254809.49,24068511.86,15306122.45,20408163.27,25510204.08,-1153353.77,0.9434856650946927
43,Legislative (Senate) District 43 (2024); Washington,4571,0.004277079122688824,0.02040816326530612,3207809.34,4277079.12,5346348.9,15306122.45,20408163.27,25510204.08,-16131084.14,0.2095768770117524
44,Legislative (Senate) District 44 (2024); Washington,24087,0.02253817651021783,0.02040816326530612,16903632.38,22538176.51,28172720.64,15306122.45,20408163.27,25510204.08,2130013.24,1.1043706490006737
45,Legislative (Senate) District 45 (2024); Washington,23590,0.02207313421663298,0.02040816326530612,16554850.66,22073134.22,27591417.77,15306122.45,20408163.27,25510204.08,1664970.95,1.0815835766150161
46,Legislative (Senate) District 46 (2024); Washington,11819,0.011059023879032862,0.02040816326530612,8294267.91,11059023.88,13823779.85,15306122.45,20408163.27,25510204.08,-9349139.39,0.5418921700726103
47,Legislative (Senate) District 47 (2024); Washington,25182,0.023562766674152257,0.02040816326530612,17672075.01,23562766.67,29453458.34,15306122.45,20408163.27,25510204.08,3154603.41,1.1545755670334608
48,Legislative (Senate) District 48 (2024); Washington,17594,0.01646268433265963,0.02040816326530612,12347013.25,16462684.33,20578355.42,15306122.45,20408163.27,25510204.08,-3945478.93,0.8066715323003218
49,Legislative (Senate) District 49 (2024); Washington,21930,0.02051987424208399,0.02040816326530612,15389905.68,20519874.24,25649842.8,15306122.45,20408163.27,25510204.08,111710.98,1.0054738378621155
