legislative_district,tax_incidence_status,model1_tax_source,model1_47district_share,model2_normalized_3_5b,tax_paid_fy2029_2_698b,tax_paid_fy2030_3_732b,model1_47district_total,model2_normalization_factor,fy2029_normalization_factor,fy2030_normalization_factor,source_method
1,OBSERVABLE,71907264.0,0.025644455304672475,89755593.56635366,69188740.41200633,95705107.19703768,2804008240.6,1.2482131647555617,0.9621940338601443,1.330951865962216,Model 1 geographic tax incidence; 47 observable LDs; uniform statewide normalization; LD14/LD29 not imputed
2,OBSERVABLE,3937034.4,0.001404073762335861,4914258.168175513,3788191.010782153,5240003.281037433,2804008240.6,1.2482131647555617,0.9621940338601443,1.330951865962216,Model 1 geographic tax incidence; 47 observable LDs; uniform statewide normalization; LD14/LD29 not imputed
3,OBSERVABLE,22575501.900000002,0.008051153906441198,28179038.672544193,21722013.23957835,30046906.37883855,2804008240.6,1.2482131647555617,0.9621940338601443,1.330951865962216,Model 1 geographic tax incidence; 47 observable LDs; uniform statewide normalization; LD14/LD29 not imputed
4,OBSERVABLE,19467021.400000002,0.006942569254302356,24298992.390058246,18731051.848107755,25909668.457056392,2804008240.6,1.2482131647555617,0.9621940338601443,1.330951865962216,Model 1 geographic tax incidence; 47 observable LDs; uniform statewide normalization; LD14/LD29 not imputed
5,OBSERVABLE,65179756.800000004,0.0232452087180931,81358230.51332584,62715573.12141518,86751118.93592344,2804008240.6,1.2482131647555617,0.9621940338601443,1.330951865962216,Model 1 geographic tax incidence; 47 observable LDs; uniform statewide normalization; LD14/LD29 not imputed
6,OBSERVABLE,15548204.100000001,0.005544992298836114,19407473.0459264,14960389.222259836,20693911.259256378,2804008240.6,1.2482131647555617,0.9621940338601443,1.330951865962216,Model 1 geographic tax incidence; 47 observable LDs; uniform statewide normalization; LD14/LD29 not imputed
7,OBSERVABLE,11076944.3,0.003950396485864023,13826387.700524079,10658169.718861133,14742879.685244532,2804008240.6,1.2482131647555617,0.9621940338601443,1.330951865962216,Model 1 geographic tax incidence; 47 observable LDs; uniform statewide normalization; LD14/LD29 not imputed
8,OBSERVABLE,29124381.000000004,0.010386695937016214,36353435.77955675,28023305.638069745,38763149.23694451,2804008240.6,1.2482131647555617,0.9621940338601443,1.330951865962216,Model 1 geographic tax incidence; 47 observable LDs; uniform statewide normalization; LD14/LD29 not imputed
9,OBSERVABLE,27952492.5,0.0099687626074946,34890669.126231104,26895721.515020434,37203422.05116985,2804008240.6,1.2482131647555617,0.9621940338601443,1.330951865962216,Model 1 geographic tax incidence; 47 observable LDs; uniform statewide normalization; LD14/LD29 not imputed
10,OBSERVABLE,22919226.0,0.008173737034059414,28608079.61920795,22052742.517892297,30504386.61110973,2804008240.6,1.2482131647555617,0.9621940338601443,1.330951865962216,Model 1 geographic tax incidence; 47 observable LDs; uniform statewide normalization; LD14/LD29 not imputed
11,OBSERVABLE,15181287.0,0.005414137797523561,18949482.291332465,14607343.777718568,20205562.26035793,2804008240.6,1.2482131647555617,0.9621940338601443,1.330951865962216,Model 1 geographic tax incidence; 47 observable LDs; uniform statewide normalization; LD14/LD29 not imputed
12,OBSERVABLE,26807756.0,0.009560512559072826,33461793.956754893,25794262.884378485,35679832.87045979,2804008240.6,1.2482131647555617,0.9621940338601443,1.330951865962216,Model 1 geographic tax incidence; 47 observable LDs; uniform statewide normalization; LD14/LD29 not imputed
13,OBSERVABLE,13697779.200000001,0.004885070950101401,17097748.325354904,13179921.42337358,18231084.78577843,2804008240.6,1.2482131647555617,0.9621940338601443,1.330951865962216,Model 1 geographic tax incidence; 47 observable LDs; uniform statewide normalization; LD14/LD29 not imputed
14,SOURCE_INPUTS_UNAVAILABLE,,,,,,2804008240.6,1.2482131647555617,0.9621940338601443,1.330951865962216,Model 1 geographic tax incidence; 47 observable LDs; uniform statewide normalization; LD14/LD29 not imputed
15,OBSERVABLE,28756999.2,0.010255675708658615,35894864.98030515,27669813.061960943,38274181.744713955,2804008240.6,1.2482131647555617,0.9621940338601443,1.330951865962216,Model 1 geographic tax incidence; 47 observable LDs; uniform statewide normalization; LD14/LD29 not imputed
16,OBSERVABLE,13651983.700000001,0.004868738794105241,17040585.779368345,13135857.26649594,18170133.17960076,2804008240.6,1.2482131647555617,0.9621940338601443,1.330951865962216,Model 1 geographic tax incidence; 47 observable LDs; uniform statewide normalization; LD14/LD29 not imputed
17,OBSERVABLE,57293161.5,0.020432593838504712,71514078.43476649,55127138.176285714,76254440.20529959,2804008240.6,1.2482131647555617,0.9621940338601443,1.330951865962216,Model 1 geographic tax incidence; 47 observable LDs; uniform statewide normalization; LD14/LD29 not imputed
18,OBSERVABLE,18181066.400000002,0.006483956122792859,22693846.429775007,17493713.619295135,24198124.25026295,2804008240.6,1.2482131647555617,0.9621940338601443,1.330951865962216,Model 1 geographic tax incidence; 47 observable LDs; uniform statewide normalization; LD14/LD29 not imputed
19,OBSERVABLE,7638517.600000001,0.0027241423507248738,9534498.227537058,7349736.062255709,10166499.25290523,2804008240.6,1.2482131647555617,0.9621940338601443,1.330951865962216,Model 1 geographic tax incidence; 47 observable LDs; uniform statewide normalization; LD14/LD29 not imputed
20,OBSERVABLE,35530138.400000006,0.012671196141847746,44349186.49646711,34186887.19070522,47288904.00137579,2804008240.6,1.2482131647555617,0.9621940338601443,1.330951865962216,Model 1 geographic tax incidence; 47 observable LDs; uniform statewide normalization; LD14/LD29 not imputed
21,OBSERVABLE,26285288.400000002,0.009374183720079044,32809643.020276655,25291547.67677326,34984453.64333499,2804008240.6,1.2482131647555617,0.9621940338601443,1.330951865962216,Model 1 geographic tax incidence; 47 observable LDs; uniform statewide normalization; LD14/LD29 not imputed
22,OBSERVABLE,17065512.900000002,0.006086113675738818,21301397.865085863,16420334.697143331,22713376.237857267,2804008240.6,1.2482131647555617,0.9621940338601443,1.330951865962216,Model 1 geographic tax incidence; 47 observable LDs; uniform statewide normalization; LD14/LD29 not imputed
23,OBSERVABLE,48398583.800000004,0.017260499844195788,60411749.454685256,46568828.57964024,64416185.41853868,2804008240.6,1.2482131647555617,0.9621940338601443,1.330951865962216,Model 1 geographic tax incidence; 47 observable LDs; uniform statewide normalization; LD14/LD29 not imputed
24,OBSERVABLE,15464756.399999999,0.005515232150919378,19303312.528217822,14880096.343180481,20582846.38723112,2804008240.6,1.2482131647555617,0.9621940338601443,1.330951865962216,Model 1 geographic tax incidence; 47 observable LDs; uniform statewide normalization; LD14/LD29 not imputed
25,OBSERVABLE,13307059.8,0.004745727779014146,16610047.22654951,12803973.547780165,17711056.071280792,2804008240.6,1.2482131647555617,0.9621940338601443,1.330951865962216,Model 1 geographic tax incidence; 47 observable LDs; uniform statewide normalization; LD14/LD29 not imputed
26,OBSERVABLE,26548103.400000002,0.00946791204662054,33137692.163171887,25544426.701782215,35334247.75798785,2804008240.6,1.2482131647555617,0.9621940338601443,1.330951865962216,Model 1 geographic tax incidence; 47 observable LDs; uniform statewide normalization; LD14/LD29 not imputed
27,OBSERVABLE,27349990.8,0.009753891020715284,34138618.57250349,26315997.973889835,36401521.28930944,2804008240.6,1.2482131647555617,0.9621940338601443,1.330951865962216,Model 1 geographic tax incidence; 47 observable LDs; uniform statewide normalization; LD14/LD29 not imputed
28,OBSERVABLE,13617642.5,0.004856491611838525,16997720.641434837,13102814.36874034,18124426.695381377,2804008240.6,1.2482131647555617,0.9621940338601443,1.330951865962216,Model 1 geographic tax incidence; 47 observable LDs; uniform statewide normalization; LD14/LD29 not imputed
29,SOURCE_INPUTS_UNAVAILABLE,,,,,,2804008240.6,1.2482131647555617,0.9621940338601443,1.330951865962216,Model 1 geographic tax incidence; 47 observable LDs; uniform statewide normalization; LD14/LD29 not imputed
30,OBSERVABLE,6802160.0,0.002425870188792483,8490545.66077369,6544997.769362119,9053347.544573547,2804008240.6,1.2482131647555617,0.9621940338601443,1.330951865962216,Model 1 geographic tax incidence; 47 observable LDs; uniform statewide normalization; LD14/LD29 not imputed
31,OBSERVABLE,31024135.2,0.01106420970908469,38724733.98179641,29851237.795110494,41291630.63430406,2804008240.6,1.2482131647555617,0.9621940338601443,1.330951865962216,Model 1 geographic tax incidence; 47 observable LDs; uniform statewide normalization; LD14/LD29 not imputed
32,OBSERVABLE,45744133.800000004,0.01631383714842853,57098430.01949986,44014732.62646018,60883240.237935275,2804008240.6,1.2482131647555617,0.9621940338601443,1.330951865962216,Model 1 geographic tax incidence; 47 observable LDs; uniform statewide normalization; LD14/LD29 not imputed
33,OBSERVABLE,12560520.0,0.004479487548621579,15678206.420175524,12085657.406181019,16717447.531455731,2804008240.6,1.2482131647555617,0.9621940338601443,1.330951865962216,Model 1 geographic tax incidence; 47 observable LDs; uniform statewide normalization; LD14/LD29 not imputed
34,OBSERVABLE,54197028.0,0.019328412525778795,67649443.84022579,52148056.99455119,72133635.54620646,2804008240.6,1.2482131647555617,0.9621940338601443,1.330951865962216,Model 1 geographic tax incidence; 47 observable LDs; uniform statewide normalization; LD14/LD29 not imputed
35,OBSERVABLE,12922299.0,0.004608509637345036,16129783.730707627,12433759.001556909,17198957.966571677,2804008240.6,1.2482131647555617,0.9621940338601443,1.330951865962216,Model 1 geographic tax incidence; 47 observable LDs; uniform statewide normalization; LD14/LD29 not imputed
36,OBSERVABLE,108601920.0,0.03873095607478009,135558346.2617303,104496119.48975667,144543928.07107928,2804008240.6,1.2482131647555617,0.9621940338601443,1.330951865962216,Model 1 geographic tax incidence; 47 observable LDs; uniform statewide normalization; LD14/LD29 not imputed
37,OBSERVABLE,44411540.4,0.015838591255529565,55435069.39435348,42732519.20741877,59109622.56563634,2804008240.6,1.2482131647555617,0.9621940338601443,1.330951865962216,Model 1 geographic tax incidence; 47 observable LDs; uniform statewide normalization; LD14/LD29 not imputed
38,OBSERVABLE,8348250.300000001,0.002977255979181305,10420395.927134568,8032636.631831161,11111119.31430463,2804008240.6,1.2482131647555617,0.9621940338601443,1.330951865962216,Model 1 geographic tax incidence; 47 observable LDs; uniform statewide normalization; LD14/LD29 not imputed
39,OBSERVABLE,11822916.0,0.0042164341134283325,14757519.396999164,11375939.238029642,15735732.111314537,2804008240.6,1.2482131647555617,0.9621940338601443,1.330951865962216,Model 1 geographic tax incidence; 47 observable LDs; uniform statewide normalization; LD14/LD29 not imputed
40,OBSERVABLE,40397202.300000004,0.014406948494329616,50424319.73015366,38869947.03770131,53766731.78083813,2804008240.6,1.2482131647555617,0.9621940338601443,1.330951865962216,Model 1 geographic tax incidence; 47 observable LDs; uniform statewide normalization; LD14/LD29 not imputed
41,OBSERVABLE,325713276.0,0.11615988543967477,406559599.0388617,313399370.91624254,433508692.4608663,2804008240.6,1.2482131647555617,0.9621940338601443,1.330951865962216,Model 1 geographic tax incidence; 47 observable LDs; uniform statewide normalization; LD14/LD29 not imputed
42,OBSERVABLE,26260382.400000002,0.009365301435198644,32778555.023195256,25267583.272165943,34951304.95616134,2804008240.6,1.2482131647555617,0.9621940338601443,1.330951865962216,Model 1 geographic tax incidence; 47 observable LDs; uniform statewide normalization; LD14/LD29 not imputed
43,OBSERVABLE,260810434.20000002,0.09301343356401548,325547017.47405416,250950243.75571376,347126134.06090575,2804008240.6,1.2482131647555617,0.9621940338601443,1.330951865962216,Model 1 geographic tax incidence; 47 observable LDs; uniform statewide normalization; LD14/LD29 not imputed
44,OBSERVABLE,21692733.7,0.007736330223964749,27077155.78387662,20872618.944256894,28871984.395836443,2804008240.6,1.2482131647555617,0.9621940338601443,1.330951865962216,Model 1 geographic tax incidence; 47 observable LDs; uniform statewide normalization; LD14/LD29 not imputed
45,OBSERVABLE,200926851.60000002,0.07165701180571632,250799541.32000712,193330617.85182264,267423968.05893332,2804008240.6,1.2482131647555617,0.9621940338601443,1.330951865962216,Model 1 geographic tax incidence; 47 observable LDs; uniform statewide normalization; LD14/LD29 not imputed
46,OBSERVABLE,74739593.60000001,0.026654555617143007,93290944.66000052,71913991.05505183,99474801.5631777,2804008240.6,1.2482131647555617,0.9621940338601443,1.330951865962216,Model 1 geographic tax incidence; 47 observable LDs; uniform statewide normalization; LD14/LD29 not imputed
47,OBSERVABLE,12500154.0,0.004457959081220541,15602856.784271892,12027573.601133019,16637103.291115059,2804008240.6,1.2482131647555617,0.9621940338601443,1.330951865962216,Model 1 geographic tax incidence; 47 observable LDs; uniform statewide normalization; LD14/LD29 not imputed
48,OBSERVABLE,771306453.5,0.27507281980560666,962754869.3196234,742146467.8355268,1026571763.5145241,2804008240.6,1.2482131647555617,0.9621940338601443,1.330951865962216,Model 1 geographic tax incidence; 47 observable LDs; uniform statewide normalization; LD14/LD29 not imputed
49,OBSERVABLE,38762803.2,0.013824068930591146,48384241.257069014,37297337.97473491,51591425.24896616,2804008240.6,1.2482131647555617,0.9621940338601443,1.330951865962216,Model 1 geographic tax incidence; 47 observable LDs; uniform statewide normalization; LD14/LD29 not imputed
