legislative_district,source_row,millionaire_count,average_income,minus_1m_times_point1,model1_tax_paid,model2_tax_paid,model2_reinvested,model2_net,accepted_original_model2_tax,accepted_tax_share,accepted_fy2029_tax,accepted_fy2030_tax,repeated_tax_value,repeated_with_lds,missing_fields,audit_flags
1,8,576.0,2248390.0,124839.0,71907264.0,81400000.0,46400000.0,-35000000.0,81400000.0,0.023238552015530434,62697613.33790111,86726276.12195958,,,,
2,48,52.0,1757122.0,75712.2,3937034.4,11100000.0,63700000.0,52600000.0,11100000.0,0.003168893456663241,8549674.546077425,11826310.380267216,11100000.0,"2,9,14,20,24,39",,REPEATED_MODEL2_TAX_VALUE
3,28,211.0,2069929.0,106992.90000000001,22575501.900000002,22200000.0,139100000.0,116900000.0,22200000.0,0.006337786913326482,17099349.09215485,23652620.76053443,22200000.0,"3,22,31,40",,REPEATED_MODEL2_TAX_VALUE
4,30,142.0,2370917.0,137091.7,19467021.400000002,18500000.0,98500000.0,80000000.0,18500000.0,0.005281489094438735,14249457.576795707,19710517.30044536,18500000.0,"4,6,10,16,25,30",,REPEATED_MODEL2_TAX_VALUE
5,9,692.0,1941904.0,94190.40000000001,65179756.800000004,236700000.0,29000000.0,-207700000.0,236700000.0,0.06757451181911614,182316032.88797534,252188078.10894144,,,,
6,33,143.0,2087287.0,108728.70000000001,15548204.100000001,18500000.0,98500000.0,80000000.0,18500000.0,0.005281489094438735,14249457.576795707,19710517.30044536,18500000.0,"4,6,10,16,25,30",,REPEATED_MODEL2_TAX_VALUE
7,44,71.0,2560133.0,156013.30000000002,11076944.3,7400000.0,98500000.0,91100000.0,7400000.0,0.002112595637775494,5699783.030718283,7884206.920178143,7400000.0,"7,19,29,35",,REPEATED_MODEL2_TAX_VALUE
8,19,195.0,2493558.0,149355.80000000002,29124381.000000004,25900000.0,133300000.0,107400000.0,25900000.0,0.007394084732214229,19949240.60751399,27594724.2206235,25900000.0,"8,28,42",,REPEATED_MODEL2_TAX_VALUE
9,21,223.0,2253475.0,125347.5,27952492.5,11100000.0,98500000.0,87400000.0,11100000.0,0.003168893456663241,8549674.546077425,11826310.380267216,11100000.0,"2,9,14,20,24,39",,REPEATED_MODEL2_TAX_VALUE
10,27,165.0,2389044.0,138904.4,22919226.0,18500000.0,46400000.0,27900000.0,18500000.0,0.005281489094438735,14249457.576795707,19710517.30044536,18500000.0,"4,6,10,16,25,30",,REPEATED_MODEL2_TAX_VALUE
11,35,165.0,1920078.0,92007.8,15181287.0,37000000.0,69500000.0,32500000.0,37000000.0,0.01056297818887747,28498915.153591413,39421034.60089072,,,,
12,23,358.0,1748820.0,74882.0,26807756.0,14800000.0,98500000.0,83700000.0,14800000.0,0.004225191275550988,11399566.061436566,15768413.840356287,14800000.0,"12,13,15,33,38",,REPEATED_MODEL2_TAX_VALUE
13,36,128.0,2070139.0,107013.90000000001,13697779.200000001,14800000.0,121700000.0,106900000.0,14800000.0,0.004225191275550988,11399566.061436566,15768413.840356287,14800000.0,"12,13,15,33,38",,REPEATED_MODEL2_TAX_VALUE
14,50,,,,0.0,11100000.0,156300000.0,145200000.0,11100000.0,0.003168893456663241,8549674.546077425,11826310.380267216,11100000.0,"2,9,14,20,24,39","millionaire_count,average_income,minus_1m_times_point1","MISSING_SOURCE_FIELDS,REPEATED_MODEL2_TAX_VALUE,MISSING_MILLIONAIRE_COUNT,MISSING_AVERAGE_INCOME"
15,20,167.0,2721976.0,172197.6,28756999.2,14800000.0,150700000.0,135900000.0,14800000.0,0.004225191275550988,11399566.061436566,15768413.840356287,14800000.0,"12,13,15,33,38",,REPEATED_MODEL2_TAX_VALUE
16,37,97.0,2407421.0,140742.1,13651983.700000001,18500000.0,144900000.0,126400000.0,18500000.0,0.005281489094438735,14249457.576795707,19710517.30044536,18500000.0,"4,6,10,16,25,30",,REPEATED_MODEL2_TAX_VALUE
17,10,383.0,2495905.0,149590.5,57293161.5,40700000.0,52200000.0,11500000.0,40700000.0,0.011619276007765217,31348806.668950554,43363138.06097979,,,,
18,31,188.0,1967078.0,96707.8,18181066.400000002,51800000.0,46400000.0,-5400000.0,51800000.0,0.014788169464428458,39898481.21502798,55189448.441247,,,,
19,46,61.0,2252216.0,125221.6,7638517.600000001,7400000.0,86900000.0,79500000.0,7400000.0,0.002112595637775494,5699783.030718283,7884206.920178143,7400000.0,"7,19,29,35",,REPEATED_MODEL2_TAX_VALUE
20,17,206.0,2724764.0,172476.40000000002,35530138.400000006,11100000.0,81100000.0,70000000.0,11100000.0,0.003168893456663241,8549674.546077425,11826310.380267216,11100000.0,"2,9,14,20,24,39",,REPEATED_MODEL2_TAX_VALUE
21,25,259.0,2014876.0,101487.6,26285288.400000002,55500000.0,52200000.0,-3300000.0,55500000.0,0.015844467283316205,42748372.73038712,59131551.901336074,,,,
22,32,167.0,2021887.0,102188.70000000001,17065512.900000002,22200000.0,75300000.0,53100000.0,22200000.0,0.006337786913326482,17099349.09215485,23652620.76053443,22200000.0,"3,22,31,40",,REPEATED_MODEL2_TAX_VALUE
23,12,346.0,2398803.0,139880.30000000002,48398583.800000004,33300000.0,46400000.0,13100000.0,33300000.0,0.009506680369989723,25649023.638232272,35478931.140801646,33300000.0,"23,26,49",,REPEATED_MODEL2_TAX_VALUE
24,34,101.0,2531164.0,153116.4,15464756.399999999,11100000.0,81100000.0,70000000.0,11100000.0,0.003168893456663241,8549674.546077425,11826310.380267216,11100000.0,"2,9,14,20,24,39",,REPEATED_MODEL2_TAX_VALUE
25,39,106.0,2255383.0,125538.3,13307059.8,18500000.0,69500000.0,51000000.0,18500000.0,0.005281489094438735,14249457.576795707,19710517.30044536,18500000.0,"4,6,10,16,25,30",,REPEATED_MODEL2_TAX_VALUE
26,24,326.0,1814359.0,81435.90000000001,26548103.400000002,33300000.0,46400000.0,13100000.0,33300000.0,0.009506680369989723,25649023.638232272,35478931.140801646,33300000.0,"23,26,49",,REPEATED_MODEL2_TAX_VALUE
27,22,209.0,2308612.0,130861.20000000001,27349990.8,29600000.0,63700000.0,34100000.0,29600000.0,0.008450382551101976,22799132.12287313,31536827.680712573,,,,
28,38,121.0,2125425.0,112542.5,13617642.5,25900000.0,58000000.0,32100000.0,25900000.0,0.007394084732214229,19949240.60751399,27594724.2206235,25900000.0,"8,28,42",,REPEATED_MODEL2_TAX_VALUE
29,49,,,,0.0,7400000.0,86900000.0,79500000.0,7400000.0,0.002112595637775494,5699783.030718283,7884206.920178143,7400000.0,"7,19,29,35","millionaire_count,average_income,minus_1m_times_point1","MISSING_SOURCE_FIELDS,REPEATED_MODEL2_TAX_VALUE,MISSING_MILLIONAIRE_COUNT,MISSING_AVERAGE_INCOME"
30,47,80.0,1850270.0,85027.0,6802160.0,18500000.0,69500000.0,51000000.0,18500000.0,0.005281489094438735,14249457.576795707,19710517.30044536,18500000.0,"4,6,10,16,25,30",,REPEATED_MODEL2_TAX_VALUE
31,18,177.0,2752776.0,175277.6,31024135.2,22200000.0,58000000.0,35800000.0,22200000.0,0.006337786913326482,17099349.09215485,23652620.76053443,22200000.0,"3,22,31,40",,REPEATED_MODEL2_TAX_VALUE
32,13,289.0,2582842.0,158284.2,45744133.800000004,44400000.0,52200000.0,7800000.0,44400000.0,0.012675573826652964,34198698.1843097,47305241.52106886,,,,
33,41,133.0,1944400.0,94440.0,12560520.0,14800000.0,75300000.0,60500000.0,14800000.0,0.004225191275550988,11399566.061436566,15768413.840356287,14800000.0,"12,13,15,33,38",,REPEATED_MODEL2_TAX_VALUE
34,11,430.0,2260396.0,126039.6,54197028.0,133100000.0,40600000.0,-92500000.0,133100000.0,0.037998172890259224,102519070.45791939,141809181.22644743,,,,
35,40,117.0,2104470.0,110447.0,12922299.0,7400000.0,75300000.0,67900000.0,7400000.0,0.002112595637775494,5699783.030718283,7884206.920178143,7400000.0,"7,19,29,35",,REPEATED_MODEL2_TAX_VALUE
36,6,1260.0,1861920.0,86192.0,108601920.0,266300000.0,34800000.0,-231500000.0,266300000.0,0.07602489437021812,205115165.01084846,283724905.789654,,,,
37,14,498.0,1891798.0,89179.8,44411540.4,96200000.0,63700000.0,-32500000.0,96200000.0,0.02746374329108142,74097179.39933768,102494689.96231587,,,,
38,45,87.0,1959569.0,95956.90000000001,8348250.300000001,14800000.0,86900000.0,72100000.0,14800000.0,0.004225191275550988,11399566.061436566,15768413.840356287,14800000.0,"12,13,15,33,38",,REPEATED_MODEL2_TAX_VALUE
39,43,120.0,1985243.0,98524.3,11822916.0,11100000.0,75300000.0,64200000.0,11100000.0,0.003168893456663241,8549674.546077425,11826310.380267216,11100000.0,"2,9,14,20,24,39",,REPEATED_MODEL2_TAX_VALUE
40,15,273.0,2479751.0,147975.1,40397202.300000004,22200000.0,52200000.0,30000000.0,22200000.0,0.006337786913326482,17099349.09215485,23652620.76053443,22200000.0,"3,22,31,40",,REPEATED_MODEL2_TAX_VALUE
41,3,2660.0,2224486.0,122448.6,325713276.0,429000000.0,23200000.0,-405800000.0,429000000.0,0.1224734498115793,330433367.59164095,457070914.69681394,,,,
42,26,168.0,2563118.0,156311.80000000002,26260382.400000002,25900000.0,63700000.0,37800000.0,25900000.0,0.007394084732214229,19949240.60751399,27594724.2206235,25900000.0,"8,28,42",,REPEATED_MODEL2_TAX_VALUE
43,4,1502.0,2736421.0,173642.1,260810434.20000002,310700000.0,40600000.0,-270100000.0,310700000.0,0.08870046819687108,239313863.19515818,331030147.3107229,,,,
44,29,319.0,1680023.0,68002.3,21692733.7,62900000.0,46400000.0,-16500000.0,62900000.0,0.0179570629210917,48448155.7611054,67015758.82151422,,,,
45,5,2004.0,2002629.0,100262.90000000001,200926851.60000002,355000000.0,29000000.0,-326000000.0,355000000.0,0.10134749343382436,273435537.2844581,378228845.49503255,,,,
46,7,788.0,1948472.0,94847.20000000001,74739593.60000001,177500000.0,34800000.0,-142700000.0,177500000.0,0.05067374671691218,136717768.64222905,189114422.74751627,,,,
47,42,137.0,1912420.0,91242.0,12500154.0,66600000.0,52200000.0,-14400000.0,66600000.0,0.019013360739979446,51298047.276464544,70957862.28160329,,,,
48,2,2371.0,4253085.0,325308.5,771306453.5,480800000.0,29000000.0,-451800000.0,480800000.0,0.13726161927600777,370331848.806669,512260363.138061,,,,
49,16,192.0,3018896.0,201889.6,38762803.2,33300000.0,58000000.0,24700000.0,33300000.0,0.009506680369989723,25649023.638232272,35478931.140801646,33300000.0,"23,26,49",,REPEATED_MODEL2_TAX_VALUE
