provision_id,sections,description,effective_date,tax_family,incidence_family,dor_dollar_status,geographic_status,proxy_candidate,notes
WFTC_EXPANSION,901-902,Working Families Tax Credit eligibility expansion,2029-01-01,WFTC,household_income,no_DOR_tax_revenue_impact,modeled_separately,WFTC LD allocation v0.2,Existing illustrative WFTC pool is modeled separately; do not double count.
GROOMING_HYGIENE,903-905,Sales and use tax exemption for grooming and hygiene products,2029-01-01,sales_use_tax,household_consumption,embedded_in_aggregate,candidate,population_or_households,Broad household consumption category.
DIAPERS,906,Sales and use tax exemption for diapers,2029-01-01,sales_use_tax,household_consumption,embedded_in_aggregate,candidate,children_under_5_with_adjustment_if_desired,Definition also includes diapers used by people with bladder or bowel-control difficulty; under-5 population alone would therefore be an incomplete proxy.
OTC_DRUGS,907-908,Sales and use tax exemption for qualifying over-the-counter drugs,2029-01-01,sales_use_tax,household_health_consumption,embedded_in_aggregate,candidate,population,DOR estimate excludes prescribed OTC medications already exempt and excludes grooming/hygiene.
SMALL_BUSINESS_BOC,909-910,"Increase B&O small business credit and raise filing threshold to $250,000",2029-01-01,B&O,small_business,embedded_in_aggregate,candidate,small_business_establishments_or_employer_firms,Do not allocate using household population.
HEALTH_SURCHARGE_EXEMPTION,911,"High-grossing business surcharge exemptions for hospitals, prescription-drug resellers, and licensed health-care providers",2029-01-01,B&O_surcharge,health_business,partly_nondisclosable_and_embedded,candidate_with_caution,healthcare_provider_or_facility_geography,"DOR states fewer than three affected health-care provider taxpayers for part of FY2029, making that impact nondisclosable."
CH422_SERVICE_REVERSAL,1001-1003,"Remove specified IT, website, security, staffing, live-presentation, custom-software and related services from retail-sales treatment",2030-01-01,sales_use_and_B&O,business_services,embedded_in_aggregate,difficult,business_activity_or_neutral_allocation,Mixed business/service incidence. Avoid treating as general household tax relief.
LIVE_PRESENTATION_CLARIFICATION,1101,"Exclude specified programs, instruction, performances and hospital clinical staffing from retail-sales treatment",2026-07-01,sales_use_and_B&O,mixed_services,embedded_in_aggregate,candidate_with_caution,population_or_relevant_service_population,"Includes nonprofit programs, instruction, performances and hospital clinical staffing."
K12_LIBRARY_SERVICE_EXEMPTION,1102-1103,"Sales/use tax exemption for specified services sold to K-12 schools, districts, ESDs, libraries and related entities",2026-07-01,sales_use_tax,public_institutions,embedded_in_aggregate,candidate,K12_enrollment_plus_population_or_library_proxy,Institutional tax relief; should not automatically be counted as household relief.
FOOD_WHOLESALE_SURCHARGE,1104,High-grossing business surcharge exemption for qualifying wholesale food and food ingredients,2026-07-01,B&O_surcharge,food_wholesale_business,embedded_in_aggregate,difficult,business_activity_or_neutral_allocation,Business-side incidence; geographic beneficiary location may differ from wholesaler location.
