legislative_district,estimated_wftc_approvals_v01,estimated_wftc_approvals_v02,change_v02_minus_v01,percent_change_from_v01
1,3656.744978510612,3256.7709762100194,-399.9740023005925,-0.10937979122172786
2,5227.086744101114,4046.200491428918,-1180.886252672196,-0.2259167124029179
3,7610.671520104966,8515.480856743343,904.8093366383773,0.11888692531902866
4,6687.053122080985,6818.979216407221,131.92609432623613,0.019728584761890038
5,3656.940891743366,2968.7412815362204,-688.1996102071457,-0.18818997369111473
6,7132.0473185310475,7377.733609686234,245.68629115518615,0.034448213841322205
7,7906.5514724894465,8374.580801759665,468.0293292702181,0.059195128356364826
8,5902.9476022745675,5771.789643755245,-131.15795851932216,-0.022219061959618855
9,7140.3474455182895,7767.494750660325,627.1473051420353,0.08783148298135976
10,5880.951093094507,5605.145653745873,-275.80543934863454,-0.046898101171507625
11,5493.8735828723175,4957.675253936011,-536.1983289363061,-0.0975993205609893
12,5116.544272103849,4838.686316254985,-277.85795584886364,-0.05430578552086142
13,7485.990223952775,7707.629066577107,221.63884262433203,0.02960715095715175
14,9426.82164996739,8061.457390925198,-1365.3642590421932,-0.14483824026170222
15,6761.156838393482,6564.48609407597,-196.6707443175119,-0.029088327488679115
16,6335.147872800176,6093.888174044744,-241.2596987554316,-0.038082725707362736
17,5376.386496426079,4840.246479555279,-536.1400168708005,-0.09972125650326598
18,5115.29808801884,4335.358513433708,-779.9395745851316,-0.15247196960269485
19,7786.258158246869,8195.543895217386,409.28573697051706,0.052565138305492635
20,6007.503860412022,5912.528787759109,-94.97507265291279,-0.015809406845125017
21,5150.130822952533,4892.377319046877,-257.75350390565563,-0.05004795271547829
22,5907.417790644457,6392.743436717397,485.3256460729399,0.08215529411878524
23,5144.793296425514,4735.759001487877,-409.03429493763724,-0.07950451483091167
24,7842.281644348861,8390.323474435609,548.0418300867477,0.06988295689197366
25,5157.232304792233,4313.358618295837,-843.8736864963957,-0.16362917871902855
26,5135.213576737993,4716.834505198687,-418.3790715393061,-0.0814725746626239
27,6094.942303955834,7183.200795824441,1088.258491868607,0.1785510735946243
28,6298.7561959559725,5924.467011254947,-374.289184701026,-0.05942271347815194
29,6742.12355412894,6263.19473375985,-478.9288203690894,-0.07103530757394515
30,6013.656717245148,5332.848588867557,-680.808128377591,-0.11321034112659971
31,4459.218583785287,3530.5409458863824,-928.6776378989043,-0.20826017394074006
32,5414.556974675371,5984.347953505212,569.7909788298412,0.10523316708916945
33,6279.633277321103,6166.355612786526,-113.27766453457753,-0.018038898058534696
34,4575.5733178261735,5181.747685112619,606.1743672864459,0.13248052761493845
35,5488.793105522497,4748.355947781692,-740.4371577408056,-0.13489981194514725
36,3878.5839055602128,4413.346142916023,534.7622373558106,0.13787563976357267
37,5456.052185646025,6970.460751967223,1514.4085663211981,0.2775648976205466
38,5985.050701974103,5988.850005502862,3.799303528759083,0.000634798887753102
39,5049.08063704125,4395.958113719751,-653.1225233214991,-0.1293547420356169
40,6277.251073640776,6784.107448584218,506.85637494344246,0.08074495810304878
41,2760.978631974452,2837.0549000611927,76.07626808674058,0.027554095205849654
42,6868.3957950770555,7469.922325949614,601.5265308725584,0.08757889743391091
43,4304.856014694957,6433.3966456367325,2128.540630941776,0.49445106263155814
44,3730.490930241849,3219.2403314914513,-511.2505987503978,-0.1370464660846269
45,3030.9785850055296,2975.561180762086,-55.41740424344334,-0.018283667366571724
46,4540.494835495337,5804.022284190042,1263.5274486947055,0.2782796797426295
47,5106.305250668716,4036.3077625936353,-1069.997488075081,-0.20954436437871693
48,3440.776240349908,4121.332110837581,680.555870487673,0.1977913769883694
49,6734.058514669206,7357.567112113542,623.5085974443364,0.09259031475389025
