legislative_district,households,median_household_income,income_propensity_score,families_total,families_with_children_proxy,child_family_share,child_adjustment,combined_wftc_weight,share_of_statewide_wftc,estimated_wftc_approvals_v02
1,61157,149329,9167.75,42596,20575,0.48302657526528314,1.4830265752652831,13596.016885388299,0.011690864819437635,3256.7709762100194
2,56312,104467,11453.55,41778,19836,0.4747953468332615,1.4747953468332615,16891.6422447221,0.014524688202879372,4046.200491428918
3,66422,71749,24512.5,35304,15896,0.45026059370043053,1.4502605937004305,35549.5128030818,0.03056811065190342,8515.480856743343
4,63614,81659,19854.9,41666,18073,0.4337589401430423,1.4337589401430422,28467.14038064609,0.024478160978437403,6818.979216407221
5,57831,149321,8305.25,43016,21175,0.4922586944392784,1.4922586944392784,12393.581521991817,0.010656921613417693,2968.7412815362204
6,62494,76564,20835.85,40409,19324,0.4782102996857136,1.4782102996857136,30799.768072706574,0.026483927465184236,7377.733609686234
7,64363,69064,24667.55,43609,18198,0.4172991813616455,1.4172991813616456,34961.29842119746,0.030062320251565706,8374.580801759665
8,57847,92506,16243.55,40597,19624,0.48338547183289404,1.483385471832894,24095.446080991205,0.02071905362221616,5771.789643755245
9,62221,76475,22862.75,38300,16022,0.4183289817232376,1.4183289817232376,32426.90092689295,0.027883057107484278,7767.494750660325
10,63749,92852,16918.15,43496,16664,0.38311568879897,1.38311568879897,23399.758690454295,0.02012084994919078,5605.145653745873
11,58599,99394,13976.1,35962,17293,0.4808686947333296,1.4808686947333296,20696.768964462488,0.01779661868636704,4957.675253936011
12,58359,106724,13822.35,42089,19420,0.46140321699256337,1.4614032169925633,20200.026756397157,0.017369482852868486,4838.686316254985
13,59730,72944,21726.75,40467,19464,0.4809845058936912,1.4809845058936912,32176.980113425758,0.027668156635497595,7707.629066577107
14,47157,57926,21097.8,34457,20507,0.5951475752387033,1.5951475752387032,33654.10451287111,0.028938297870315238,8061.457390925198
15,59198,80764,18558.0,41105,19595,0.4767059968373677,1.4767059968373677,27404.70988930787,0.023564604356745317,6564.48609407597
16,58121,86195,17074.55,38680,18951,0.48994312306101345,1.4899431230610134,25440.108351861425,0.02187529408359985,6093.888174044744
17,60300,101566,13951.6,41621,18660,0.44833137118281635,1.4483313711828163,20206.539958194182,0.017375083387377425,4840.246479555279
18,58856,106750,12460.3,41888,18955,0.4525162337662338,1.4525162337662338,18098.788027597402,0.015562681777314853,4335.358513433708
19,65476,70131,24348.8,41152,16673,0.4051564930015552,1.4051564930015552,34213.874416796265,0.029419629596507166,8195.543895217386
20,59782,90896,17296.3,42937,18337,0.42706756410554997,1.42706756410555,24682.988709038822,0.02122426639872748,5912.528787759109
21,62761,106028,13980.35,39291,18110,0.46091980351734496,1.460919803517345,20424.170175103714,0.017562218006873857,4892.377319046877
22,66859,92436,18779.4,39654,16699,0.42111766782670096,1.421117667826701,26687.737131184753,0.022948097944235274,6392.743436717397
23,62608,106138,13983.4,42562,17614,0.41384333442977306,1.4138433344297732,19770.33688266529,0.0170000035950515,4735.759001487877
24,71072,69630,26659.05,42942,13479,0.3138885007684784,1.3138885007684784,35027.01923641191,0.030118831888243727,8390.323474435609
25,57809,105882,11933.25,40513,20620,0.5089724286031644,1.5089724286031645,18006.945233628714,0.01548370852375253,4313.358618295837
26,62194,106336,14034.5,42854,17273,0.40306622485648946,1.4030662248564894,19691.3329327484,0.01693207013288637,4716.834505198687
27,69768,89592,20907.65,38115,16553,0.43429096156368885,1.434290961563689,29987.653422537063,0.02578561098962732,7183.200795824441
28,57942,86693,16500.15,37936,18928,0.49894559257697174,1.4989455925769717,24732.82711935892,0.021267121164412137,5924.467011254947
29,56981,80992,17297.25,38245,19567,0.5116224343051379,1.5116224343051379,26146.911151784545,0.022483055610932286,6263.19473375985
30,54660,90803,14995.75,36998,17930,0.4846207903129899,1.4846207903129898,22263.002216336015,0.019143382328815888,5332.848588867557
31,57579,122456,9807.8,42874,21556,0.5027755749405234,1.5027755749405234,14738.922283901664,0.012673619741563759,3530.5409458863824
32,67462,100850,17364.95,40117,17599,0.43869182640775733,1.4386918264077573,24982.811630979384,0.021482076408800576,5984.347953505212
33,59072,86957,17326.35,36037,17505,0.48575075616727253,1.4857507561672725,25742.63761411882,0.02213543120602255,6166.355612786526
34,67385,119342,14946.2,37133,16611,0.4473379473783427,1.4473379473783428,21632.202429106186,0.018600973835004773,5181.747685112619
35,61328,99486,14248.05,44184,17288,0.3912728589534673,1.3912728589534673,19822.92525801195,0.017045222984850315,4748.355947781692
36,80266,140788,13052.9,33904,13952,0.4115148655025956,1.4115148655025955,18424.362387918827,0.015842634786146673,4413.346142916023
37,69172,100083,19905.8,36158,16700,0.46186182864096464,1.4618618286409646,29099.52918856131,0.025021935830218264,6970.460751967223
38,61844,91237,17224.0,36496,16480,0.45155633494081543,1.4515563349408154,25001.606313020606,0.021498237471920787,5988.850005502862
39,57678,108150,12441.5,42196,20045,0.47504502796473597,1.475045027964736,18351.772715423263,0.015780216795967143,4395.958113719751
40,66148,86990,20261.75,39270,15621,0.3977845683728037,1.3977845683728036,28321.561478227653,0.024352981428935286,6784.107448584218
41,57410,197777,7956.7,43090,21051,0.4885356231144117,1.4885356231144118,11843.83139243444,0.010184205633193309,2837.0549000611927
42,65246,79503,21419.35,40065,18266,0.455909147635093,1.455909147635093,31184.627601397726,0.026814858263691566,7469.922325949614
43,90419,126847,21290.0,23793,6222,0.2615054848064557,1.2615054848064557,26857.451771529442,0.02309403119327982,6433.3966456367325
44,56582,146377,8828.85,43297,22610,0.5222070813220315,1.5222070813220316,13439.33798993002,0.011556140671747726,3219.2403314914513
45,60065,180159,8309.1,43146,21357,0.49499374217772213,1.4949937421777222,12422.052503128913,0.010681403076963702,2975.561180762086
46,71045,120264,16878.2,33367,14534,0.43558006413522343,1.4355800641352234,24230.00743848713,0.020834759468543518,5804.022284190042
47,52898,106938,11226.35,38915,19495,0.5009636386997302,1.50096363869973,16850.343145316714,0.014489176170761217,4036.3077625936353
48,71630,158702,11782.95,40199,18499,0.4601855767556407,1.4601855767556406,17205.293641632878,0.014794388962493202,4121.332110837581
49,67349,81089,20955.85,37932,17666,0.465728145101761,1.465728145101761,30715.579149530735,0.026411535578027893,7357.567112113542
