scenario_fy,legislative_district,area,millionaires,avgMillionaireIncome,taxStatus,tax,model1Benefit,model1Net,model2Benefit,model2Net,model3Benefit,model3Net,wftc,k12,health,higherEd,fairStart
2029,1,"Bothell, Woodinville",576,2248390,OBSERVABLE,69002424.08,51732653.06,-17269771.02,40737629.02,-28264795.06,69253969.34,251545.26,2922716.2,20087581.41,7214778.0,7358539.61,3154013.8
2029,2,"Graham, Eatonville",52,1757122,OBSERVABLE,3777989.9,51732653.06,47954663.16,52626761.83,48848771.93,89465495.11,85687505.21,3631172.05,22908713.23,15300190.04,7780248.98,3006437.53
2029,3,Spokane,211,2069929,OBSERVABLE,21663518.67,51732653.06,30069134.4,56109730.64,34446211.97,95386542.08,73723023.42,7642027.66,18029979.79,19888769.79,8204269.09,2344684.31
2029,4,Spokane Valley,142,2370917,OBSERVABLE,18680611.55,51732653.06,33052041.51,53879643.77,35199032.22,91595394.4,72914782.85,6119540.24,19674002.55,18891853.31,6227434.22,2966813.45
2029,5,"Issaquah, Enumclaw",692,1941904,OBSERVABLE,62546688.19,51732653.06,-10814035.13,41197859.51,-21348828.68,70036361.17,7489672.98,2664230.4,23552473.99,7280063.64,4903382.34,2797709.14
2029,6,"Spokane, Airway Heights",143,2087287,OBSERVABLE,14920102.83,51732653.06,36812550.23,60864497.78,45944394.95,103469646.22,88549543.39,6620981.87,22879706.56,20963361.89,7390889.92,3009557.53
2029,7,"Wenatchee, Colville",71,2560133,OBSERVABLE,10629468.65,51732653.06,41103184.42,58442512.36,47813043.71,99352271.01,88722802.36,7515580.06,22043191.86,22166619.12,4065740.45,2651380.87
2029,8,Kennewick,195,2493558,OBSERVABLE,27947842.5,51732653.06,23784810.56,59939419.71,31991577.21,101897013.5,73949171.0,5179763.41,26411969.46,17899702.2,7264954.8,3183029.85
2029,9,"Pullman, Ritzville",223,2253475,OBSERVABLE,26823294.81,51732653.06,24909358.25,68095477.88,41272183.07,115762312.4,88939017.59,6970764.28,18551164.01,15964006.8,23971577.94,2637964.85
2029,10,"Whidbey Island, La Conner",165,2389044,OBSERVABLE,21993357.33,51732653.06,29739295.73,45906416.03,23913058.69,78040907.24,56047549.91,5030212.49,18891758.37,13426444.53,6208948.33,2349052.32
2029,11,"Renton, Tukwila",165,1920078,OBSERVABLE,14568008.09,51732653.06,37164644.97,49294440.76,34726432.67,83800549.28,69232541.19,4449154.67,17919567.33,15257301.67,8733427.69,2934989.4
2029,12,"Monroe, Chelan",358,1748820,OBSERVABLE,25724802.27,51732653.06,26007850.79,48984958.28,23260156.01,83274429.07,57549626.8,4342370.71,22834793.02,13342573.93,5436007.05,3029213.57
2029,13,"Moses Lake, Ellensburg",128,2070139,OBSERVABLE,13144429.6,51732653.06,38588223.46,70615478.59,57471048.99,120046313.61,106901884.01,6917039.16,27139007.41,22321493.81,11058028.36,3179909.85
2029,14,"Yakima, Pasco",50,1757122,COMPARABLE_LD_PROXY,3632682.6,51732653.06,48099970.46,85981741.72,82349059.12,146168960.92,142536278.32,7234574.47,35186016.92,34202527.17,5609312.27,3749310.89
2029,15,"Yakima, Naches",167,2721976,OBSERVABLE,27595301.83,51732653.06,24137351.23,62730048.28,35134746.44,106641082.07,79045780.24,5891151.09,25567033.46,21429892.12,6725397.88,3116573.73
2029,16,"Richland, Walla Walla",97,2407421,OBSERVABLE,13100484.1,51732653.06,38632168.96,61440339.54,48339855.44,104448577.21,91348093.11,5468823.52,24912980.01,18639764.96,9060396.87,3358374.17
2029,17,"Camas, Vancouver",383,2495905,OBSERVABLE,54978687.92,51732653.06,-3246034.86,49452276.15,-5526411.77,84068869.45,29090181.53,4343770.85,22366943.63,13728569.31,6546315.82,2466676.53
2029,18,"Battle Ground, Vancouver",188,1967078,OBSERVABLE,17446605.31,51732653.06,34286047.75,51131927.67,33685322.36,86924277.05,69477671.73,3890670.44,23443932.93,14689268.95,6504722.57,2603332.79
2029,19,"Longview, Aberdeen",61,2252216,OBSERVABLE,7329944.17,51732653.06,44402708.89,57147042.43,49817098.26,97149972.13,89820027.96,7354907.4,19596339.55,21724392.3,5927038.5,2544364.68
2029,20,"Centralia, Woodland",206,2724764,OBSERVABLE,34094826.32,51732653.06,17637826.74,53978410.58,19883584.25,91763297.98,57668471.66,5306066.6,23144509.32,16518696.47,5668236.04,3340902.14
2029,21,"Edmonds, Mukilteo",259,2014876,OBSERVABLE,25223440.81,51732653.06,26509212.25,46107276.12,20883835.31,78382369.4,53158928.59,4390554.5,19021820.5,12351375.89,7598856.19,2744669.05
2029,22,"Olympia, Lacey",167,2021887,OBSERVABLE,16376116.86,51732653.06,35356536.2,48241815.3,31865698.44,82011086.02,65634969.16,5737024.49,18201212.67,13447412.18,8299009.27,2557156.7
2029,23,"Bainbridge Island, Poulsbo",346,2398803,OBSERVABLE,46443424.74,51732653.06,5289228.32,42274699.86,-4168724.88,71866989.76,25423565.02,4250000.9,17777341.12,11202920.48,6391496.49,2652940.88
2029,24,"Port Angeles, Forks",101,2531164,OBSERVABLE,14840026.17,51732653.06,36892626.89,48297211.56,33457185.39,82105259.65,67265233.49,7529707.97,15756231.75,18878986.79,4188209.47,1944075.57
2029,25,"Puyallup, South Hill",106,2255383,OBSERVABLE,12769494.1,51732653.06,38963158.96,51975342.99,39205848.89,88358083.09,75588588.98,3870927.13,24081143.8,14138391.58,6847866.9,3037013.58
2029,26,"Gig Harbor, Bremerton",326,1814359,OBSERVABLE,25475638.86,51732653.06,26257014.2,42887828.56,17412189.69,72909308.55,47433669.68,4233017.53,18804738.38,11776195.11,5658993.1,2414884.44
2029,27,Tacoma,209,2308612,OBSERVABLE,26245132.39,51732653.06,25487520.67,50947486.17,24702353.78,86610726.5,60365594.1,6446402.75,17371247.85,16680242.69,7957020.31,2492572.58
2029,28,"Lakewood, University Place",121,2125425,OBSERVABLE,13067530.18,51732653.06,38665122.88,50357292.57,37289762.38,85607397.36,72539867.18,5316780.29,19382064.53,13506026.29,8880159.44,3272262.02
2029,29,"Parkland, Spanaway",50,1757122,COMPARABLE_LD_PROXY,3632682.6,51732653.06,48099970.46,61238777.32,57606094.72,104105921.45,100473238.85,5620763.9,21777453.4,23906934.13,6823604.17,3110021.72
2029,30,"Federal Way, Auburn",80,1850270,OBSERVABLE,6527372.94,51732653.06,45205280.12,59214483.34,52687110.4,100664621.67,94137248.73,4785845.58,22893742.05,21112041.59,7247624.27,3175229.84
2029,31,Bonney Lake,177,2752776,OBSERVABLE,29770852.27,51732653.06,21961800.79,49251686.26,19480833.99,83727866.65,53957014.38,3168404.94,25051463.43,11437376.93,6364923.02,3229517.94
2029,32,"Shoreline, Lynnwood",289,2582842,OBSERVABLE,43896206.64,51732653.06,7836446.42,48062833.49,4166626.84,81706816.93,37810610.28,5370519.1,17475110.41,14168889.98,8357933.05,2690380.95
2029,33,"Kent, Des Moines",133,1944400,OBSERVABLE,12053112.29,51732653.06,39679540.77,57433268.43,45380156.14,97636556.34,85583444.04,5533857.8,20110973.88,20686017.05,7990525.98,3111893.72
2029,34,"West Seattle, Vashon Island",430,2260396,OBSERVABLE,52007629.02,51732653.06,-274975.96,45695815.68,-6311813.34,77682886.65,25675257.63,4650243.46,16374728.65,14191287.24,7746743.31,2732813.02
2029,35,"Shelton, Rochester",117,2104470,OBSERVABLE,12400276.5,51732653.06,39332376.57,50363196.73,37962920.23,85617434.44,73217157.94,4261305.75,22093719.59,15588018.7,5865803.99,2554348.7
2029,36,"Seattle (Ballard, Queen Anne)",1260,1861920,OBSERVABLE,104214724.95,51732653.06,-52482071.89,29161641.41,-75053083.54,49574790.4,-54639934.55,3960658.7,10466726.55,5302432.95,7256867.22,2174956.0
2029,37,"Seattle (Central District, Beacon Hill)",498,1891798,OBSERVABLE,42617446.06,51732653.06,9115207.0,52409723.9,9792277.84,89096530.63,46479084.57,6255483.96,15946178.61,16892301.89,10761098.76,2554660.7
2029,38,"Everett, Marysville",87,1959569,OBSERVABLE,8011005.78,51732653.06,43721647.28,52653520.47,44642514.69,89510984.79,81499979.01,5374559.37,18997492.33,18010258.9,7531844.83,2739365.04
2029,39,"Sedro-Woolley, Lake Stevens",120,1985243,OBSERVABLE,11345305.3,51732653.06,40387347.76,49382807.85,38037502.55,83950773.35,72605468.04,3945054.2,22482034.58,13815299.14,5957078.07,3183341.85
2029,40,"Anacortes, San Juan Islands",273,2479751,OBSERVABLE,38765275.3,51732653.06,12967377.77,56076952.51,17311677.22,95330819.27,56565543.98,6088245.36,16894041.47,13953018.48,17210363.65,1931283.55
2029,41,"Mercer Island, Sammamish",2660,2224486,OBSERVABLE,312555426.93,51732653.06,-260822773.87,40598399.81,-271957027.12,69017279.68,-243538147.25,2546051.41,24151321.21,5594073.91,6083013.2,2223940.09
2029,42,"Bellingham, Lynden",168,2563118,OBSERVABLE,25199540.94,51732653.06,26533112.12,54351154.43,29151613.49,92396962.53,67197421.59,6703714.57,19254809.49,17738155.98,8020565.55,2633908.84
2029,43,"Seattle (Capitol Hill, University District)",1502,2736421,OBSERVABLE,250274467.19,51732653.06,-198541814.13,38544876.62,-211729590.58,65526290.25,-184748176.94,5773507.8,4277079.12,7100409.0,20488143.03,905737.67
2029,44,"Snohomish, Mill Creek",319,1680023,OBSERVABLE,20816411.68,51732653.06,30916241.38,42907343.29,22090931.61,72942483.58,52126071.9,2889035.17,22538176.51,7756124.62,6616793.28,3107213.71
2029,45,"Redmond, Kirkland",2004,2002629,OBSERVABLE,192810003.49,51732653.06,-141077350.43,41012989.58,-151797013.91,69722082.29,-123087921.21,2670350.77,22073134.22,6465184.49,6957626.87,2846693.23
2029,46,"Seattle (Green Lake, Lake City)",788,1948472,OBSERVABLE,71720335.97,51732653.06,-19987682.91,47008430.67,-24711905.31,79914332.14,8193996.16,5208689.87,11059023.88,8673459.34,19650501.14,2416756.44
2029,47,"Auburn, Covington",137,1912420,OBSERVABLE,11995184.9,51732653.06,39737468.16,56599571.74,44604386.84,96219271.96,84224087.06,3622294.04,23562766.67,18146548.63,8357933.05,2910029.35
2029,48,"Bellevue, Redmond",2371,4253085,OBSERVABLE,740147963.34,51732653.06,-688415310.28,36713109.12,-703434854.22,62412285.5,-677735677.84,3698597.24,16462684.33,6443263.76,7680887.32,2427676.46
2029,49,Vancouver,192,3018896,OBSERVABLE,37196901.07,51732653.06,14535752.0,56573851.72,19376950.65,96175547.92,58978646.85,6602883.89,20519874.24,20187082.28,6563646.34,2700364.96
2030,1,"Bothell, Woodinville",576,2248390,OBSERVABLE,95447385.72,52787755.1,-42659630.61,41946394.88,-53500990.84,71308871.29,-24138514.43,2922716.2,20087581.41,7214778.0,7358539.61,4362779.65
2030,2,"Graham, Eatonville",52,1757122,OBSERVABLE,5225892.63,52787755.1,47561862.47,53778969.54,48553076.91,91424248.22,86198355.59,3631172.05,22908713.23,15300190.04,7780248.98,4158645.24
2030,3,Spokane,211,2069929,OBSERVABLE,29965993.94,52787755.1,22821761.16,57008323.51,27042329.57,96914149.97,66948156.03,7642027.66,18029979.79,19888769.79,8204269.09,3243277.19
2030,4,Spokane Valley,142,2370917,OBSERVABLE,25839897.07,52787755.1,26947858.03,55016665.67,29176768.61,93528331.65,67688434.58,6119540.24,19674002.55,18891853.31,6227434.22,4103835.36
2030,5,"Issaquah, Enumclaw",692,1941904,OBSERVABLE,86517509.39,52787755.1,-33729754.29,42270072.73,-44247436.66,71859123.64,-14658385.75,2664230.4,23552473.99,7280063.64,4903382.34,3869922.36
2030,6,"Spokane, Airway Heights",143,2087287,OBSERVABLE,20638185.23,52787755.1,32149569.87,62017901.22,41379715.99,105430432.07,84792246.84,6620981.87,22879706.56,20963361.89,7390889.92,4162960.98
2030,7,"Wenatchee, Colville",71,2560133,OBSERVABLE,14703179.02,52787755.1,38084576.09,59458645.73,44755466.71,101079697.73,86376518.72,7515580.06,22043191.86,22166619.12,4065740.45,3667514.24
2030,8,Kennewick,195,2493558,OBSERVABLE,38658765.09,52787755.1,14128990.01,61159305.87,22500540.78,103970819.98,65312054.89,5179763.41,26411969.46,17899702.2,7264954.8,4402916.01
2030,9,"Pullman, Ritzville",223,2253475,OBSERVABLE,37103238.05,52787755.1,15684517.06,69106469.6,32003231.56,117480998.32,80377760.28,6970764.28,18551164.01,15964006.8,23971577.94,3648956.57
2030,10,"Whidbey Island, La Conner",165,2389044,OBSERVABLE,30422242.24,52787755.1,22365512.86,46806682.93,16384440.68,79571360.97,49149118.73,5030212.49,18891758.37,13426444.53,6208948.33,3249319.22
2030,11,"Renton, Tukwila",165,1920078,OBSERVABLE,20151151.29,52787755.1,32636603.81,50419266.19,30268114.9,85712752.53,65561601.24,4449154.67,17919567.33,15257301.67,8733427.69,4059814.83
2030,12,"Monroe, Chelan",358,1748820,OBSERVABLE,35583751.69,52787755.1,17204003.41,50145894.84,14562143.14,85248021.22,49664269.53,4342370.71,22834793.02,13342573.93,5436007.05,4190150.13
2030,13,"Moses Lake, Ellensburg",128,2070139,OBSERVABLE,18181990.83,52787755.1,34605764.27,71834169.02,53652178.19,122118087.34,103936096.51,6917039.16,27139007.41,22321493.81,11058028.36,4398600.28
2030,14,"Yakima, Pasco",50,1757122,COMPARABLE_LD_PROXY,5024896.76,52787755.1,47762858.34,87418653.31,82393756.55,148611710.62,143586813.86,7234574.47,35186016.92,34202527.17,5609312.27,5186222.48
2030,15,"Yakima, Naches",167,2721976,OBSERVABLE,38171114.32,52787755.1,14616640.78,63924465.34,25753351.02,108671591.08,70500476.76,5891151.09,25567033.46,21429892.12,6725397.88,4310990.79
2030,16,"Richland, Walla Walla",97,2407421,OBSERVABLE,18121203.36,52787755.1,34666551.74,62727425.86,44606222.5,106636623.96,88515420.6,5468823.52,24912980.01,18639764.96,9060396.87,4645460.5
2030,17,"Camas, Vancouver",383,2495905,OBSERVABLE,76049096.86,52787755.1,-23261341.75,50397622.16,-25651474.7,85675957.67,9626860.81,4343770.85,22366943.63,13728569.31,6546315.82,3412022.55
2030,18,"Battle Ground, Vancouver",188,1967078,OBSERVABLE,24132961.83,52787755.1,28654793.27,52129646.76,27996684.93,88620399.5,64487437.67,3890670.44,23443932.93,14689268.95,6504722.57,3601051.87
2030,19,"Longview, Aberdeen",61,2252216,OBSERVABLE,10139122.18,52787755.1,42648632.92,58122162.18,47983039.99,98807675.7,88668553.51,7354907.4,19596339.55,21724392.3,5927038.5,3519484.42
2030,20,"Centralia, Woodland",206,2724764,OBSERVABLE,47161561.1,52787755.1,5626194.01,55258800.8,8097239.7,93939961.35,46778400.26,5306066.6,23144509.32,16518696.47,5668236.04,4621292.36
2030,21,"Edmonds, Mukilteo",259,2014876,OBSERVABLE,34890245.03,52787755.1,17897510.07,47159161.88,12268916.85,80170575.2,45280330.17,4390554.5,19021820.5,12351375.89,7598856.19,3796554.81
2030,22,"Olympia, Lacey",167,2021887,OBSERVABLE,22652212.05,52787755.1,30135543.05,49221837.55,26569625.5,83677123.84,61024911.79,5737024.49,18201212.67,13447412.18,8299009.27,3537178.95
2030,23,"Bainbridge Island, Poulsbo",346,2398803,OBSERVABLE,64242720.96,52787755.1,-11454965.86,43291431.09,-20951289.87,73595432.86,9352711.9,4250000.9,17777341.12,11202920.48,6391496.49,3669672.11
2030,24,"Port Angeles, Forks",101,2531164,OBSERVABLE,20527419.44,52787755.1,32260335.66,49042272.4,28514852.96,83371863.08,62844443.64,7529707.97,15756231.75,18878986.79,4188209.47,2689136.41
2030,25,"Puyallup, South Hill",106,2255383,OBSERVABLE,17663362.49,52787755.1,35124392.62,53139268.88,35475906.39,90336757.1,72673394.61,3870927.13,24081143.8,14138391.58,6847866.9,4200939.47
2030,26,"Gig Harbor, Bremerton",326,1814359,OBSERVABLE,35239097.2,52787755.1,17548657.91,43813325.41,8574228.21,74482653.2,39243556.0,4233017.53,18804738.38,11776195.11,5658993.1,3340381.29
2030,27,Tacoma,209,2308612,OBSERVABLE,36303496.7,52787755.1,16484258.4,51902756.76,15599260.07,88234686.5,51931189.8,6446402.75,17371247.85,16680242.69,7957020.31,3447843.17
2030,28,"Lakewood, University Place",121,2125425,OBSERVABLE,18075619.96,52787755.1,34712135.14,51611376.68,33535756.72,87739340.35,69663720.39,5316780.29,19382064.53,13506026.29,8880159.44,4526346.12
2030,29,"Parkland, Spanaway",50,1757122,COMPARABLE_LD_PROXY,5024896.76,52787755.1,47762858.34,62430683.35,57405786.59,106132161.69,101107264.93,5620763.9,21777453.4,23906934.13,6823604.17,4301927.74
2030,30,"Federal Way, Auburn",80,1850270,OBSERVABLE,9028968.05,52787755.1,43758787.05,60431380.17,51402412.12,102733346.28,93704378.23,4785845.58,22893742.05,21112041.59,7247624.27,4392126.67
2030,31,Bonney Lake,177,2752776,OBSERVABLE,41180437.61,52787755.1,11607317.49,50489388.84,9308951.23,85831961.02,44651523.41,3168404.94,25051463.43,11437376.93,6364923.02,4467220.51
2030,32,"Shoreline, Lynnwood",289,2582842,OBSERVABLE,60719289.54,52787755.1,-7931534.44,49093913.51,-11625376.04,83459652.96,22740363.42,5370519.1,17475110.41,14168889.98,8357933.05,3721460.97
2030,33,"Kent, Des Moines",133,1944400,OBSERVABLE,16672429.61,52787755.1,36115325.5,58625891.9,41953462.29,99664016.23,82991586.62,5533857.8,20110973.88,20686017.05,7990525.98,4304517.19
2030,34,"West Seattle, Vashon Island",430,2260396,OBSERVABLE,71939388.99,52787755.1,-19151633.89,46743157.66,-25196231.33,79463368.02,7523979.03,4650243.46,16374728.65,14191287.24,7746743.31,3780155.01
2030,35,"Shelton, Rochester",117,2104470,OBSERVABLE,17152643.4,52787755.1,35635111.71,51342142.82,34189499.42,87281642.79,70128999.39,4261305.75,22093719.59,15588018.7,5865803.99,3533294.79
2030,36,"Seattle (Ballard, Queen Anne)",1260,1861920,OBSERVABLE,144154689.96,52787755.1,-91366934.86,29995186.45,-114159503.51,50991816.96,-93162873.0,3960658.7,10466726.55,5302432.95,7256867.22,3008501.03
2030,37,"Seattle (Central District, Beacon Hill)",498,1891798,OBSERVABLE,58950447.99,52787755.1,-6162692.89,53388789.56,-5561658.43,90760942.26,31810494.27,6255483.96,15946178.61,16892301.89,10761098.76,3533726.36
2030,38,"Everett, Marysville",87,1959569,OBSERVABLE,11081198.51,52787755.1,41706556.6,53703373.48,42622174.98,91295734.92,80214536.42,5374559.37,18997492.33,18010258.9,7531844.83,3789218.06
2030,39,"Sedro-Woolley, Lake Stevens",120,1985243,OBSERVABLE,15693357.82,52787755.1,37094397.28,50602813.59,34909455.77,86024783.1,70331425.28,3945054.2,22482034.58,13815299.14,5957078.07,4403347.59
2030,40,"Anacortes, San Juan Islands",273,2479751,OBSERVABLE,53621944.92,52787755.1,-834189.82,56817110.85,3195165.93,96589088.45,42967143.52,6088245.36,16894041.47,13953018.48,17210363.65,2671441.89
2030,41,"Mercer Island, Sammamish",2660,2224486,OBSERVABLE,432341309.6,52787755.1,-379553554.5,41450717.84,-390890591.75,70466220.33,-361875089.26,2546051.41,24151321.21,5594073.91,6083013.2,3076258.12
2030,42,"Bellingham, Lynden",168,2563118,OBSERVABLE,34857185.61,52787755.1,17930569.49,55360591.7,20503406.09,94113005.88,59255820.27,6703714.57,19254809.49,17738155.98,8020565.55,3643346.11
2030,43,"Seattle (Capitol Hill, University District)",1502,2736421,OBSERVABLE,346191368.26,52787755.1,-293403613.16,38891997.72,-307299370.54,66116396.13,-280074972.13,5773507.8,4277079.12,7100409.0,20488143.03,1252858.77
2030,44,"Snohomish, Mill Creek",319,1680023,OBSERVABLE,28794235.87,52787755.1,23993519.23,44098173.15,15303937.28,74966894.36,46172658.48,2889035.17,22538176.51,7756124.62,6616793.28,4298043.58
2030,45,"Redmond, Kirkland",2004,2002629,OBSERVABLE,266703829.89,52787755.1,-213916074.78,42103975.79,-224599854.09,71576758.85,-195127071.04,2670350.77,22073134.22,6465184.49,6957626.87,3937679.45
2030,46,"Seattle (Green Lake, Lake City)",788,1948472,OBSERVABLE,99206928.78,52787755.1,-46419173.68,47934644.96,-51272283.82,81488896.43,-17718032.35,5208689.87,11059023.88,8673459.34,19650501.14,3342970.74
2030,47,"Auburn, Covington",137,1912420,OBSERVABLE,16592301.72,52787755.1,36195453.38,57714831.32,41122529.6,98115213.25,81522911.53,3622294.04,23562766.67,18146548.63,8357933.05,4025288.93
2030,48,"Bellevue, Redmond",2371,4253085,OBSERVABLE,1023807338.47,52787755.1,-971019583.37,37643508.48,-986163830.0,63993964.41,-959813374.06,3698597.24,16462684.33,6443263.76,7680887.32,3358075.82
2030,49,Vancouver,192,3018896,OBSERVABLE,51452496.21,52787755.1,1335258.89,57608758.08,6156261.87,97934888.74,46482392.53,6602883.89,20519874.24,20187082.28,6563646.34,3735271.33
